"Poliza","Endoso","Prima_neta","Recargos","Impuestos","Numero_agente","Ramo","Subramo","REC_DESDE","REC_HASTA","FECH_COBRO","Prima_total","Nombre","Correo","Dias","Estatus"
"POL0001","END001",2150.31,118.41,253.79,"AGT018","GMM","Colectiva",2026-10-18,2026-11-15,2026-10-28,2522.51,"Agente18","agente18@seguritas.com.mx",24,"En gestión de cobro"
"POL0002","END002",4153.22,198.47,243.94,"AGT011","Autos","Colectiva",2026-11-13,2026-11-30,2026-11-28,4595.63,"Agente11","agente11@seguritas.com.mx",55,"Futura"
"POL0003","END003",2635.91,90.05,246.97,"AGT028","GMM","Individual",2026-10-27,2026-11-15,2026-11-14,2972.93,"Agente28","agente28@seguritas.com.mx",41,"Futura"
"POL0004","END004",4532.07,263.36,484.38,"AGT018","Autos","Colectiva",2026-08-16,2026-09-11,2026-08-27,5279.81,"Agente18","agente18@seguritas.com.mx",-38,"Morosa"
"POL0005","END005",4761.87,261.93,470.34,"AGT027","Vida","Individual",2026-10-29,2026-11-13,2026-11-14,5494.14,"Agente27","agente27@seguritas.com.mx",41,"Futura"
"POL0006","END006",1182.23,169.47,550.62,"AGT002","Daños","Colectiva",2026-12-19,2027-01-04,2027-01-08,1902.32,"Agente2","agente2@seguritas.com.mx",96,"Futura"
"POL0007","END007",3112.42,243.42,440.82,"AGT021","GMM","Colectiva",2026-09-24,2026-10-22,2026-10-04,3796.66,"Agente21","agente21@seguritas.com.mx",0,"En gestión de cobro"
"POL0008","END008",4569.68,123.85,186.19,"AGT005","GMM","Colectiva",2026-11-13,2026-12-04,2026-12-01,4879.72,"Agente5","agente5@seguritas.com.mx",58,"Futura"
"POL0009","END009",3205.74,66.41,153.51,"AGT005","Autos","Colectiva",2026-10-10,2026-11-08,2026-10-20,3425.66,"Agente5","agente5@seguritas.com.mx",16,"En gestión de cobro"
"POL0010","END010",2826.46,160.13,294.19,"AGT020","Autos","Individual",2026-09-07,2026-09-22,2026-09-17,3280.78,"Agente20","agente20@seguritas.com.mx",-17,"En gestión de cobro"
"POL0011","END011",4827.33,165.52,703.13,"AGT026","Daños","Colectiva",2026-11-09,2026-12-06,2026-12-01,5695.98,"Agente26","agente26@seguritas.com.mx",58,"Futura"
"POL0012","END012",2813.34,135.23,323.78,"AGT023","Daños","Individual",2026-10-11,2026-11-02,2026-11-02,3272.35,"Agente23","agente23@seguritas.com.mx",29,"En gestión de cobro"
"POL0013","END013",3710.28,96.29,539.09,"AGT019","Vida","Individual",2026-10-27,2026-11-13,2026-11-14,4345.66,"Agente19","agente19@seguritas.com.mx",41,"Futura"
"POL0014","END014",3290.53,176.75,545.59,"AGT015","Autos","Colectiva",2026-08-20,2026-09-09,2026-09-06,4012.87,"Agente15","agente15@seguritas.com.mx",-28,"En gestión de cobro"
"POL0015","END015",1411.7,54.8,794.9,"AGT028","GMM","Individual",2026-08-09,2026-09-01,2026-08-24,2261.4,"Agente28","agente28@seguritas.com.mx",-41,"Morosa"
"POL0016","END016",4599.3,243.42,274.27,"AGT024","Daños","Individual",2026-10-04,2026-10-19,2026-10-14,5116.99,"Agente24","agente24@seguritas.com.mx",10,"En gestión de cobro"
"POL0017","END017",1984.35,189.92,639.7,"AGT002","GMM","Individual",2026-12-07,2027-01-01,2026-12-21,2813.97,"Agente2","agente2@seguritas.com.mx",78,"Futura"
"POL0018","END018",1168.24,210.37,307.55,"AGT010","Autos","Individual",2026-12-27,2027-01-13,2027-01-09,1686.16,"Agente10","agente10@seguritas.com.mx",97,"Futura"
"POL0019","END019",2311.68,167.11,362.84,"AGT021","Daños","Colectiva",2026-12-14,2027-01-02,2026-12-29,2841.63,"Agente21","agente21@seguritas.com.mx",86,"Futura"
"POL0020","END020",4818.01,119.81,152.3,"AGT020","GMM","Individual",2026-10-10,2026-10-31,2026-10-30,5090.12,"Agente20","agente20@seguritas.com.mx",26,"En gestión de cobro"
"POL0021","END021",4558.16,165.3,798.33,"AGT006","Daños","Individual",2026-09-16,2026-10-02,2026-10-01,5521.79,"Agente6","agente6@seguritas.com.mx",-3,"En gestión de cobro"
"POL0022","END022",3771.21,248.18,434.74,"AGT023","GMM","Colectiva",2026-12-18,2027-01-11,2027-01-09,4454.13,"Agente23","agente23@seguritas.com.mx",97,"Futura"
"POL0023","END023",3562.03,196.39,798.5,"AGT005","Daños","Colectiva",2026-11-24,2026-12-15,2026-12-07,4556.92,"Agente5","agente5@seguritas.com.mx",64,"Futura"
"POL0024","END024",4977.08,148.69,277.87,"AGT018","Vida","Individual",2026-11-02,2026-11-22,2026-11-24,5403.64,"Agente18","agente18@seguritas.com.mx",51,"Futura"
"POL0025","END025",3622.82,252.81,222.46,"AGT027","Daños","Colectiva",2026-12-07,2026-12-22,2026-12-31,4098.09,"Agente27","agente27@seguritas.com.mx",88,"Futura"
"POL0026","END026",3834.12,129.64,312.98,"AGT009","Autos","Colectiva",2026-08-05,2026-08-23,2026-08-16,4276.74,"Agente9","agente9@seguritas.com.mx",-49,"Morosa"
"POL0027","END027",3176.26,195.36,592.31,"AGT027","GMM","Colectiva",2026-12-07,2027-01-06,2026-12-31,3963.93,"Agente27","agente27@seguritas.com.mx",88,"Futura"
"POL0028","END028",3376.57,163.87,525.22,"AGT011","Vida","Colectiva",2026-12-10,2027-01-06,2027-01-03,4065.66,"Agente11","agente11@seguritas.com.mx",91,"Futura"
"POL0029","END029",2156.64,117.2,420.63,"AGT029","Daños","Individual",2026-08-22,2026-09-21,2026-09-13,2694.47,"Agente29","agente29@seguritas.com.mx",-21,"En gestión de cobro"
"POL0030","END030",1588.45,188.79,623.97,"AGT001","Autos","Colectiva",2026-12-28,2027-01-23,2027-01-21,2401.21,"Agente1","agente1@seguritas.com.mx",109,"Futura"
"POL0031","END031",4852.1,107.81,523.22,"AGT007","Autos","Individual",2026-08-25,2026-09-12,2026-09-06,5483.13,"Agente7","agente7@seguritas.com.mx",-28,"En gestión de cobro"
"POL0032","END032",4609.2,185.81,525.46,"AGT014","Vida","Colectiva",2026-10-23,2026-11-19,2026-11-03,5320.47,"Agente14","agente14@seguritas.com.mx",30,"En gestión de cobro"
"POL0033","END033",3762.82,161.89,533.5,"AGT008","Daños","Individual",2026-11-26,2026-12-21,2026-12-09,4458.21,"Agente8","agente8@seguritas.com.mx",66,"Futura"
"POL0034","END034",4181.87,82.57,294.9,"AGT003","Daños","Individual",2026-08-10,2026-09-08,2026-09-02,4559.34,"Agente3","agente3@seguritas.com.mx",-32,"Morosa"
"POL0035","END035",1098.45,205.43,217.27,"AGT017","Autos","Colectiva",2026-09-19,2026-10-07,2026-09-30,1521.15,"Agente17","agente17@seguritas.com.mx",-4,"En gestión de cobro"
"POL0036","END036",2911.18,187,628.73,"AGT013","Daños","Individual",2026-12-07,2027-01-06,2026-12-23,3726.91,"Agente13","agente13@seguritas.com.mx",80,"Futura"
"POL0037","END037",4033.84,87.31,548.06,"AGT016","Autos","Colectiva",2026-08-21,2026-09-06,2026-09-14,4669.21,"Agente16","agente16@seguritas.com.mx",-20,"En gestión de cobro"
"POL0038","END038",1865.63,189.89,768.29,"AGT028","GMM","Individual",2026-11-08,2026-11-26,2026-11-29,2823.81,"Agente28","agente28@seguritas.com.mx",56,"Futura"
"POL0039","END039",2272.72,156.72,773.92,"AGT028","Vida","Colectiva",2026-08-26,2026-09-17,2026-09-07,3203.36,"Agente28","agente28@seguritas.com.mx",-27,"En gestión de cobro"
"POL0040","END040",1926.5,161.93,634.14,"AGT001","Autos","Individual",2026-10-19,2026-11-05,2026-11-09,2722.57,"Agente1","agente1@seguritas.com.mx",36,"Futura"
"POL0041","END041",1571.2,258.32,432.64,"AGT005","Autos","Individual",2026-09-23,2026-10-22,2026-10-13,2262.16,"Agente5","agente5@seguritas.com.mx",9,"En gestión de cobro"
"POL0042","END042",2658.19,229.9,263.6,"AGT017","Daños","Colectiva",2026-12-08,2026-12-31,2027-01-02,3151.69,"Agente17","agente17@seguritas.com.mx",90,"Futura"
"POL0043","END043",2654.9,164.22,432.94,"AGT008","Autos","Individual",2026-08-26,2026-09-17,2026-09-08,3252.06,"Agente8","agente8@seguritas.com.mx",-26,"En gestión de cobro"
"POL0044","END044",2475.38,180.32,645.6,"AGT027","Daños","Individual",2026-10-11,2026-11-01,2026-10-24,3301.3,"Agente27","agente27@seguritas.com.mx",20,"En gestión de cobro"
"POL0045","END045",1609.78,110.61,747.37,"AGT019","GMM","Individual",2026-09-30,2026-10-22,2026-10-20,2467.76,"Agente19","agente19@seguritas.com.mx",16,"En gestión de cobro"
"POL0046","END046",1555.22,68.97,739.35,"AGT004","GMM","Colectiva",2026-11-03,2026-11-21,2026-11-28,2363.54,"Agente4","agente4@seguritas.com.mx",55,"Futura"
"POL0047","END047",1932.14,147.82,680.08,"AGT012","Daños","Colectiva",2026-09-20,2026-10-10,2026-10-08,2760.04,"Agente12","agente12@seguritas.com.mx",4,"En gestión de cobro"
"POL0048","END048",2863.85,53.28,279.84,"AGT011","Vida","Colectiva",2026-10-02,2026-10-21,2026-10-14,3196.97,"Agente11","agente11@seguritas.com.mx",10,"En gestión de cobro"
"POL0049","END049",2063.89,266.87,182.26,"AGT024","Daños","Colectiva",2026-12-20,2027-01-06,2027-01-09,2513.02,"Agente24","agente24@seguritas.com.mx",97,"Futura"
"POL0050","END050",4431.31,298.15,461.32,"AGT011","Autos","Individual",2026-08-29,2026-09-20,2026-09-13,5190.78,"Agente11","agente11@seguritas.com.mx",-21,"En gestión de cobro"
"POL0051","END051",1183.32,227.21,533.76,"AGT010","Daños","Individual",2026-12-24,2027-01-16,2027-01-03,1944.29,"Agente10","agente10@seguritas.com.mx",91,"Futura"
"POL0052","END052",2768.8,256.68,212.8,"AGT019","Autos","Individual",2026-11-05,2026-12-04,2026-11-21,3238.28,"Agente19","agente19@seguritas.com.mx",48,"Futura"
"POL0053","END053",4195.7,272.97,768.08,"AGT007","Vida","Colectiva",2026-08-24,2026-09-15,2026-09-13,5236.75,"Agente7","agente7@seguritas.com.mx",-21,"En gestión de cobro"
"POL0054","END054",1487.6,184.85,255.78,"AGT021","Autos","Individual",2026-08-05,2026-08-27,2026-08-27,1928.23,"Agente21","agente21@seguritas.com.mx",-38,"Morosa"
"POL0055","END055",3243.79,188.83,748.98,"AGT017","GMM","Colectiva",2026-12-29,2027-01-23,2027-01-08,4181.6,"Agente17","agente17@seguritas.com.mx",96,"Futura"
"POL0056","END056",1826.13,119.11,233.05,"AGT014","GMM","Colectiva",2026-10-01,2026-10-26,2026-10-20,2178.29,"Agente14","agente14@seguritas.com.mx",16,"En gestión de cobro"
"POL0057","END057",1510.13,214.8,580.78,"AGT021","Vida","Colectiva",2026-08-22,2026-09-16,2026-09-08,2305.71,"Agente21","agente21@seguritas.com.mx",-26,"En gestión de cobro"
"POL0058","END058",4013.23,110.86,659.63,"AGT011","GMM","Individual",2026-12-30,2027-01-19,2027-01-10,4783.72,"Agente11","agente11@seguritas.com.mx",98,"Futura"
"POL0059","END059",4580.18,122.07,647,"AGT002","Vida","Individual",2026-09-13,2026-10-01,2026-10-08,5349.25,"Agente2","agente2@seguritas.com.mx",4,"En gestión de cobro"
"POL0060","END060",2497.85,228.95,587.17,"AGT013","GMM","Individual",2026-12-31,2027-01-15,2027-01-13,3313.97,"Agente13","agente13@seguritas.com.mx",101,"Futura"
"POL0061","END061",3660.46,231.88,225.18,"AGT027","Autos","Colectiva",2026-09-22,2026-10-09,2026-10-02,4117.52,"Agente27","agente27@seguritas.com.mx",-2,"En gestión de cobro"
"POL0062","END062",1379.36,93.26,703.35,"AGT029","Autos","Individual",2026-11-10,2026-11-27,2026-12-05,2175.97,"Agente29","agente29@seguritas.com.mx",62,"Futura"
"POL0063","END063",2535.88,126.58,551.68,"AGT025","Vida","Colectiva",2026-12-29,2027-01-23,2027-01-19,3214.14,"Agente25","agente25@seguritas.com.mx",107,"Futura"
"POL0064","END064",2097.53,142.48,693.67,"AGT023","Autos","Individual",2026-09-15,2026-10-02,2026-09-30,2933.68,"Agente23","agente23@seguritas.com.mx",-4,"En gestión de cobro"
"POL0065","END065",4258.56,69.43,260.45,"AGT020","GMM","Individual",2026-08-17,2026-09-15,2026-09-11,4588.44,"Agente20","agente20@seguritas.com.mx",-23,"En gestión de cobro"
"POL0066","END066",2794.07,228.29,156.68,"AGT004","GMM","Individual",2026-12-05,2026-12-21,2026-12-17,3179.04,"Agente4","agente4@seguritas.com.mx",74,"Futura"
"POL0067","END067",4240.26,187.73,360.26,"AGT003","GMM","Colectiva",2026-09-11,2026-10-03,2026-09-28,4788.25,"Agente3","agente3@seguritas.com.mx",-6,"En gestión de cobro"
"POL0068","END068",4249.56,83.97,325.29,"AGT010","Daños","Individual",2026-10-22,2026-11-21,2026-11-05,4658.82,"Agente10","agente10@seguritas.com.mx",32,"Futura"
"POL0069","END069",4177.37,293.54,686.42,"AGT020","GMM","Individual",2026-10-05,2026-10-23,2026-10-29,5157.33,"Agente20","agente20@seguritas.com.mx",25,"En gestión de cobro"
"POL0070","END070",2759.33,190.49,756.88,"AGT001","Daños","Individual",2026-11-11,2026-12-05,2026-12-03,3706.7,"Agente1","agente1@seguritas.com.mx",60,"Futura"
"POL0071","END071",4017.9,247.1,233.06,"AGT020","Vida","Individual",2026-12-07,2026-12-23,2026-12-19,4498.06,"Agente20","agente20@seguritas.com.mx",76,"Futura"
"POL0072","END072",3516.88,262.23,743.67,"AGT019","GMM","Individual",2026-12-04,2027-01-02,2026-12-16,4522.78,"Agente19","agente19@seguritas.com.mx",73,"Futura"
"POL0073","END073",3840.73,269.51,543.4,"AGT007","Daños","Individual",2026-09-09,2026-09-25,2026-09-28,4653.64,"Agente7","agente7@seguritas.com.mx",-6,"En gestión de cobro"
"POL0074","END074",1002.5,250.12,410.19,"AGT026","Daños","Individual",2026-12-03,2026-12-25,2026-12-17,1662.81,"Agente26","agente26@seguritas.com.mx",74,"Futura"
"POL0075","END075",2901.27,210.04,582.77,"AGT028","Daños","Individual",2026-08-10,2026-09-07,2026-09-03,3694.08,"Agente28","agente28@seguritas.com.mx",-31,"Morosa"
"POL0076","END076",1880.48,207.23,648.94,"AGT007","Autos","Individual",2026-09-12,2026-10-12,2026-09-30,2736.65,"Agente7","agente7@seguritas.com.mx",-4,"En gestión de cobro"
"POL0077","END077",2519.27,117.85,489.23,"AGT007","Daños","Colectiva",2026-09-01,2026-09-25,2026-09-17,3126.35,"Agente7","agente7@seguritas.com.mx",-17,"En gestión de cobro"
"POL0078","END078",3451.08,57.48,406.43,"AGT005","Daños","Individual",2026-10-16,2026-11-04,2026-10-30,3914.99,"Agente5","agente5@seguritas.com.mx",26,"En gestión de cobro"
"POL0079","END079",2407.19,154.97,777.76,"AGT010","Vida","Colectiva",2026-08-19,2026-09-12,2026-09-10,3339.92,"Agente10","agente10@seguritas.com.mx",-24,"En gestión de cobro"
"POL0080","END080",1444.54,138.86,181.84,"AGT027","GMM","Individual",2026-09-30,2026-10-27,2026-10-15,1765.24,"Agente27","agente27@seguritas.com.mx",11,"En gestión de cobro"
"POL0081","END081",1974.48,148.08,249.65,"AGT016","Autos","Individual",2026-10-26,2026-11-21,2026-11-05,2372.21,"Agente16","agente16@seguritas.com.mx",32,"Futura"
"POL0082","END082",3672.22,92.98,602.95,"AGT022","Vida","Colectiva",2026-09-23,2026-10-08,2026-10-16,4368.15,"Agente22","agente22@seguritas.com.mx",12,"En gestión de cobro"
"POL0083","END083",2670.59,129.91,623.06,"AGT027","Autos","Individual",2026-08-17,2026-09-15,2026-09-05,3423.56,"Agente27","agente27@seguritas.com.mx",-29,"En gestión de cobro"
"POL0084","END084",4152.78,153.39,220.45,"AGT021","GMM","Individual",2026-12-10,2026-12-30,2026-12-22,4526.62,"Agente21","agente21@seguritas.com.mx",79,"Futura"
"POL0085","END085",1411.46,239.83,451.97,"AGT021","GMM","Colectiva",2026-10-21,2026-11-19,2026-11-09,2103.26,"Agente21","agente21@seguritas.com.mx",36,"Futura"
"POL0086","END086",2739.57,117.97,567.38,"AGT028","Autos","Colectiva",2026-12-20,2027-01-19,2027-01-13,3424.92,"Agente28","agente28@seguritas.com.mx",101,"Futura"
"POL0087","END087",4939.83,78.9,408.12,"AGT015","GMM","Individual",2026-10-15,2026-11-03,2026-11-04,5426.85,"Agente15","agente15@seguritas.com.mx",31,"Futura"
"POL0088","END088",4572.2,57.33,793.78,"AGT014","Vida","Colectiva",2026-12-24,2027-01-12,2027-01-16,5423.31,"Agente14","agente14@seguritas.com.mx",104,"Futura"
"POL0089","END089",4545.88,251.71,591.16,"AGT026","Vida","Individual",2026-09-19,2026-10-07,2026-10-13,5388.75,"Agente26","agente26@seguritas.com.mx",9,"En gestión de cobro"
"POL0090","END090",1700.21,170.03,354.96,"AGT025","Autos","Individual",2026-08-01,2026-08-28,2026-08-24,2225.2,"Agente25","agente25@seguritas.com.mx",-41,"Morosa"
"POL0091","END091",1522.78,251.56,249.95,"AGT001","Vida","Individual",2026-11-27,2026-12-22,2026-12-09,2024.29,"Agente1","agente1@seguritas.com.mx",66,"Futura"
"POL0092","END092",3612.41,69.75,345.81,"AGT005","Daños","Individual",2026-09-16,2026-10-06,2026-10-08,4027.97,"Agente5","agente5@seguritas.com.mx",4,"En gestión de cobro"
"POL0093","END093",2374.07,78.83,211.44,"AGT012","Daños","Colectiva",2026-11-13,2026-12-04,2026-12-03,2664.34,"Agente12","agente12@seguritas.com.mx",60,"Futura"
"POL0094","END094",3627.03,82.35,167.47,"AGT020","Autos","Individual",2026-09-08,2026-10-02,2026-09-21,3876.85,"Agente20","agente20@seguritas.com.mx",-13,"En gestión de cobro"
"POL0095","END095",2281.49,234.69,351.81,"AGT007","Vida","Individual",2026-09-18,2026-10-15,2026-10-04,2867.99,"Agente7","agente7@seguritas.com.mx",0,"En gestión de cobro"
"POL0096","END096",1750.76,239.27,632.59,"AGT028","Daños","Individual",2026-10-02,2026-10-29,2026-10-20,2622.62,"Agente28","agente28@seguritas.com.mx",16,"En gestión de cobro"
"POL0097","END097",4129.18,298.11,774.06,"AGT001","Autos","Individual",2026-12-05,2027-01-04,2026-12-29,5201.35,"Agente1","agente1@seguritas.com.mx",86,"Futura"
"POL0098","END098",1374.38,206.14,420.27,"AGT009","Daños","Colectiva",2026-08-07,2026-08-24,2026-08-22,2000.79,"Agente9","agente9@seguritas.com.mx",-43,"Morosa"
"POL0099","END099",2867.12,122.17,489.45,"AGT015","Daños","Individual",2026-09-20,2026-10-07,2026-10-14,3478.74,"Agente15","agente15@seguritas.com.mx",10,"En gestión de cobro"
"POL0100","END100",3046.02,99.98,193.89,"AGT022","Daños","Individual",2026-09-17,2026-10-10,2026-09-29,3339.89,"Agente22","agente22@seguritas.com.mx",-5,"En gestión de cobro"
"POL0101","END101",3399.96,250.23,559.4,"AGT023","Daños","Colectiva",2026-09-02,2026-10-01,2026-09-17,4209.59,"Agente23","agente23@seguritas.com.mx",-17,"En gestión de cobro"
"POL0102","END102",2331.29,231.94,379.72,"AGT026","Daños","Colectiva",2026-09-19,2026-10-18,2026-10-02,2942.95,"Agente26","agente26@seguritas.com.mx",-2,"En gestión de cobro"
"POL0103","END103",2954.45,104.26,426.06,"AGT023","Autos","Individual",2026-12-19,2027-01-08,2027-01-11,3484.77,"Agente23","agente23@seguritas.com.mx",99,"Futura"
"POL0104","END104",4817.9,236.06,776.45,"AGT027","Daños","Individual",2026-10-21,2026-11-17,2026-11-14,5830.41,"Agente27","agente27@seguritas.com.mx",41,"Futura"
"POL0105","END105",2931.61,266.66,592.65,"AGT023","Vida","Colectiva",2026-12-01,2026-12-24,2026-12-22,3790.92,"Agente23","agente23@seguritas.com.mx",79,"Futura"
"POL0106","END106",4561.4,182.35,617,"AGT009","Vida","Individual",2026-10-09,2026-10-29,2026-10-22,5360.75,"Agente9","agente9@seguritas.com.mx",18,"En gestión de cobro"
"POL0107","END107",4657.75,199.66,260.91,"AGT020","Daños","Colectiva",2026-11-09,2026-12-09,2026-11-20,5118.32,"Agente20","agente20@seguritas.com.mx",47,"Futura"
"POL0108","END108",3434.94,284.41,282.35,"AGT012","Daños","Individual",2026-11-27,2026-12-15,2026-12-11,4001.7,"Agente12","agente12@seguritas.com.mx",68,"Futura"
"POL0109","END109",2642.76,287.68,719.76,"AGT010","Autos","Individual",2026-11-27,2026-12-14,2026-12-21,3650.2,"Agente10","agente10@seguritas.com.mx",78,"Futura"
"POL0110","END110",1588.38,215.13,694.39,"AGT003","Daños","Individual",2026-12-27,2027-01-17,2027-01-18,2497.9,"Agente3","agente3@seguritas.com.mx",106,"Futura"
"POL0111","END111",4741.2,68.07,618.41,"AGT009","GMM","Individual",2026-10-21,2026-11-08,2026-11-15,5427.68,"Agente9","agente9@seguritas.com.mx",42,"Futura"
"POL0112","END112",2204.92,256.58,332.69,"AGT027","Daños","Individual",2026-12-02,2026-12-30,2026-12-22,2794.19,"Agente27","agente27@seguritas.com.mx",79,"Futura"
"POL0113","END113",1242.88,169.89,286.49,"AGT011","Vida","Individual",2026-09-29,2026-10-19,2026-10-22,1699.26,"Agente11","agente11@seguritas.com.mx",18,"En gestión de cobro"
"POL0114","END114",4790.91,147.81,471.2,"AGT007","Autos","Individual",2026-12-14,2027-01-10,2027-01-04,5409.92,"Agente7","agente7@seguritas.com.mx",92,"Futura"
"POL0115","END115",3882.39,124.78,489.14,"AGT017","Daños","Individual",2026-09-15,2026-10-11,2026-10-04,4496.31,"Agente17","agente17@seguritas.com.mx",0,"En gestión de cobro"
"POL0116","END116",1569.18,111.08,292.89,"AGT004","Vida","Individual",2026-10-17,2026-11-07,2026-11-08,1973.15,"Agente4","agente4@seguritas.com.mx",35,"Futura"
"POL0117","END117",3197.14,155.45,646.02,"AGT027","GMM","Individual",2026-09-28,2026-10-28,2026-10-19,3998.61,"Agente27","agente27@seguritas.com.mx",15,"En gestión de cobro"
"POL0118","END118",4816.36,284.44,165.94,"AGT009","Autos","Colectiva",2026-09-27,2026-10-23,2026-10-18,5266.74,"Agente9","agente9@seguritas.com.mx",14,"En gestión de cobro"
"POL0119","END119",3341.93,116.12,612.47,"AGT015","Daños","Colectiva",2026-11-19,2026-12-15,2026-12-02,4070.52,"Agente15","agente15@seguritas.com.mx",59,"Futura"
"POL0120","END120",2618.04,192.14,696.58,"AGT028","Vida","Colectiva",2026-12-26,2027-01-20,2027-01-17,3506.76,"Agente28","agente28@seguritas.com.mx",105,"Futura"
"POL0121","END121",3591.57,100.55,755.03,"AGT028","Autos","Individual",2026-11-29,2026-12-20,2026-12-16,4447.15,"Agente28","agente28@seguritas.com.mx",73,"Futura"
"POL0122","END122",2279.28,98.2,580.36,"AGT001","Daños","Colectiva",2026-10-29,2026-11-14,2026-11-12,2957.84,"Agente1","agente1@seguritas.com.mx",39,"Futura"
"POL0123","END123",2230.88,229.65,325.46,"AGT021","Daños","Individual",2026-08-18,2026-09-15,2026-09-08,2785.99,"Agente21","agente21@seguritas.com.mx",-26,"En gestión de cobro"
"POL0124","END124",1879.07,128.38,291.85,"AGT011","Vida","Individual",2026-09-13,2026-10-01,2026-10-07,2299.3,"Agente11","agente11@seguritas.com.mx",3,"En gestión de cobro"
"POL0125","END125",2477.96,84.6,714.08,"AGT001","Vida","Colectiva",2026-08-22,2026-09-17,2026-09-04,3276.64,"Agente1","agente1@seguritas.com.mx",-30,"Morosa"
"POL0126","END126",4936.88,64.51,165.97,"AGT030","Autos","Colectiva",2026-12-07,2027-01-05,2026-12-22,5167.36,"Agente30","agente30@seguritas.com.mx",79,"Futura"
"POL0127","END127",1616.81,282.77,702.52,"AGT023","Autos","Individual",2026-10-02,2026-11-01,2026-10-27,2602.1,"Agente23","agente23@seguritas.com.mx",23,"En gestión de cobro"
"POL0128","END128",1364.18,192.08,490.56,"AGT005","Daños","Individual",2026-10-04,2026-10-28,2026-10-19,2046.82,"Agente5","agente5@seguritas.com.mx",15,"En gestión de cobro"
"POL0129","END129",1567.63,79.44,433.05,"AGT017","GMM","Individual",2026-12-24,2027-01-18,2027-01-05,2080.12,"Agente17","agente17@seguritas.com.mx",93,"Futura"
"POL0130","END130",3760.03,191.2,755.34,"AGT008","Daños","Colectiva",2026-10-04,2026-10-22,2026-10-29,4706.57,"Agente8","agente8@seguritas.com.mx",25,"En gestión de cobro"
"POL0131","END131",3477.03,185.06,256.96,"AGT017","Autos","Colectiva",2026-08-04,2026-08-26,2026-08-26,3919.05,"Agente17","agente17@seguritas.com.mx",-39,"Morosa"
"POL0132","END132",4565.58,254.92,396.21,"AGT004","Daños","Individual",2026-08-11,2026-08-29,2026-08-31,5216.71,"Agente4","agente4@seguritas.com.mx",-34,"Morosa"
"POL0133","END133",3692,225.74,239.73,"AGT023","Autos","Individual",2026-09-27,2026-10-14,2026-10-09,4157.47,"Agente23","agente23@seguritas.com.mx",5,"En gestión de cobro"
"POL0134","END134",3948.31,191.94,247.32,"AGT019","Daños","Individual",2026-08-13,2026-08-28,2026-08-23,4387.57,"Agente19","agente19@seguritas.com.mx",-42,"Morosa"
"POL0135","END135",3084.54,230.33,589.69,"AGT023","Autos","Individual",2026-12-06,2027-01-03,2026-12-16,3904.56,"Agente23","agente23@seguritas.com.mx",73,"Futura"
"POL0136","END136",3639.35,238.11,515.38,"AGT028","Autos","Individual",2026-09-03,2026-09-22,2026-09-27,4392.84,"Agente28","agente28@seguritas.com.mx",-7,"En gestión de cobro"
"POL0137","END137",4287.22,145.36,456.57,"AGT016","GMM","Individual",2026-08-31,2026-09-30,2026-09-16,4889.15,"Agente16","agente16@seguritas.com.mx",-18,"En gestión de cobro"
"POL0138","END138",4145.13,122,677.22,"AGT030","Vida","Colectiva",2026-12-11,2026-12-27,2026-12-28,4944.35,"Agente30","agente30@seguritas.com.mx",85,"Futura"
"POL0139","END139",4919.29,182.92,775.55,"AGT012","Vida","Colectiva",2026-10-02,2026-10-22,2026-10-12,5877.76,"Agente12","agente12@seguritas.com.mx",8,"En gestión de cobro"
"POL0140","END140",2757.73,114.91,485.02,"AGT021","Daños","Individual",2026-10-09,2026-10-30,2026-10-23,3357.66,"Agente21","agente21@seguritas.com.mx",19,"En gestión de cobro"
"POL0141","END141",2246.81,257.95,607.42,"AGT022","Vida","Colectiva",2026-11-09,2026-12-04,2026-11-24,3112.18,"Agente22","agente22@seguritas.com.mx",51,"Futura"
"POL0142","END142",2637.9,151.34,267.57,"AGT022","Vida","Colectiva",2026-10-19,2026-11-06,2026-10-29,3056.81,"Agente22","agente22@seguritas.com.mx",25,"En gestión de cobro"
"POL0143","END143",1041.87,68.16,380.73,"AGT003","Autos","Colectiva",2026-08-21,2026-09-14,2026-09-02,1490.76,"Agente3","agente3@seguritas.com.mx",-32,"Morosa"
"POL0144","END144",1735.4,288.44,182.44,"AGT007","Vida","Individual",2026-09-24,2026-10-24,2026-10-14,2206.28,"Agente7","agente7@seguritas.com.mx",10,"En gestión de cobro"
"POL0145","END145",4370.92,104.3,249.16,"AGT010","GMM","Individual",2026-10-01,2026-10-20,2026-10-20,4724.38,"Agente10","agente10@seguritas.com.mx",16,"En gestión de cobro"
"POL0146","END146",1924.65,151.41,214.53,"AGT003","Autos","Individual",2026-09-24,2026-10-24,2026-10-04,2290.59,"Agente3","agente3@seguritas.com.mx",0,"En gestión de cobro"
"POL0147","END147",1956.4,206.42,332.1,"AGT021","Vida","Colectiva",2026-12-03,2026-12-29,2026-12-26,2494.92,"Agente21","agente21@seguritas.com.mx",83,"Futura"
"POL0148","END148",1306.76,207.1,401.84,"AGT020","Vida","Colectiva",2026-08-15,2026-09-05,2026-08-26,1915.7,"Agente20","agente20@seguritas.com.mx",-39,"Morosa"
"POL0149","END149",1982.89,132.06,562.2,"AGT028","Autos","Individual",2026-12-20,2027-01-17,2027-01-04,2677.15,"Agente28","agente28@seguritas.com.mx",92,"Futura"
"POL0150","END150",3928.54,84.73,609.59,"AGT019","Vida","Colectiva",2026-08-29,2026-09-27,2026-09-19,4622.86,"Agente19","agente19@seguritas.com.mx",-15,"En gestión de cobro"
"POL0151","END151",4389.81,278.66,361.91,"AGT029","Vida","Colectiva",2026-10-16,2026-10-31,2026-11-04,5030.38,"Agente29","agente29@seguritas.com.mx",31,"Futura"
"POL0152","END152",2990.11,199.78,777.37,"AGT004","GMM","Colectiva",2026-08-16,2026-09-11,2026-09-09,3967.26,"Agente4","agente4@seguritas.com.mx",-25,"En gestión de cobro"
"POL0153","END153",2551.64,237.4,602.7,"AGT026","Daños","Colectiva",2026-11-19,2026-12-11,2026-12-03,3391.74,"Agente26","agente26@seguritas.com.mx",60,"Futura"
"POL0154","END154",1985.8,279.74,254.7,"AGT008","Vida","Individual",2026-12-20,2027-01-13,2026-12-31,2520.24,"Agente8","agente8@seguritas.com.mx",88,"Futura"
"POL0155","END155",1444.39,182.19,389.89,"AGT020","GMM","Colectiva",2026-11-04,2026-11-28,2026-11-18,2016.47,"Agente20","agente20@seguritas.com.mx",45,"Futura"
"POL0156","END156",2559.98,142.99,346.44,"AGT017","Vida","Individual",2026-10-02,2026-10-25,2026-10-17,3049.41,"Agente17","agente17@seguritas.com.mx",13,"En gestión de cobro"
"POL0157","END157",3287.74,66.45,447.68,"AGT026","GMM","Individual",2026-12-30,2027-01-20,2027-01-11,3801.87,"Agente26","agente26@seguritas.com.mx",99,"Futura"
"POL0158","END158",1867.57,263.59,685.13,"AGT015","Daños","Individual",2026-11-16,2026-12-05,2026-12-08,2816.29,"Agente15","agente15@seguritas.com.mx",65,"Futura"
"POL0159","END159",2779.07,177.6,301.15,"AGT025","Daños","Individual",2026-12-08,2026-12-28,2026-12-28,3257.82,"Agente25","agente25@seguritas.com.mx",85,"Futura"
"POL0160","END160",1871.96,102.5,411.51,"AGT009","GMM","Colectiva",2026-12-11,2027-01-04,2027-01-01,2385.97,"Agente9","agente9@seguritas.com.mx",89,"Futura"
"POL0161","END161",3009.2,143.96,781.55,"AGT013","GMM","Individual",2026-09-18,2026-10-16,2026-10-08,3934.71,"Agente13","agente13@seguritas.com.mx",4,"En gestión de cobro"
"POL0162","END162",2415.62,101.84,230.87,"AGT021","Autos","Colectiva",2026-10-31,2026-11-18,2026-11-19,2748.33,"Agente21","agente21@seguritas.com.mx",46,"Futura"
"POL0163","END163",3599.94,164.81,559.69,"AGT011","Autos","Colectiva",2026-11-26,2026-12-25,2026-12-08,4324.44,"Agente11","agente11@seguritas.com.mx",65,"Futura"
"POL0164","END164",2498.86,110.38,607.51,"AGT029","GMM","Individual",2026-08-14,2026-09-03,2026-08-26,3216.75,"Agente29","agente29@seguritas.com.mx",-39,"Morosa"
"POL0165","END165",2421.78,79.67,534.28,"AGT014","Vida","Individual",2026-09-03,2026-09-22,2026-09-26,3035.73,"Agente14","agente14@seguritas.com.mx",-8,"En gestión de cobro"
"POL0166","END166",3134.75,68.12,797.74,"AGT005","Daños","Colectiva",2026-08-09,2026-09-01,2026-08-21,4000.61,"Agente5","agente5@seguritas.com.mx",-44,"Morosa"
"POL0167","END167",3961.34,222.75,179.47,"AGT011","Daños","Colectiva",2026-08-30,2026-09-16,2026-09-09,4363.56,"Agente11","agente11@seguritas.com.mx",-25,"En gestión de cobro"
"POL0168","END168",1884.41,121.74,793.55,"AGT023","Daños","Individual",2026-12-22,2027-01-12,2027-01-05,2799.7,"Agente23","agente23@seguritas.com.mx",93,"Futura"
"POL0169","END169",2650.98,87.35,634.45,"AGT005","GMM","Colectiva",2026-12-07,2027-01-02,2026-12-23,3372.78,"Agente5","agente5@seguritas.com.mx",80,"Futura"
"POL0170","END170",2062.75,293.11,433.89,"AGT024","Daños","Individual",2026-09-29,2026-10-27,2026-10-19,2789.75,"Agente24","agente24@seguritas.com.mx",15,"En gestión de cobro"
"POL0171","END171",3519.89,152.63,249.45,"AGT022","Autos","Individual",2026-10-16,2026-11-14,2026-11-09,3921.97,"Agente22","agente22@seguritas.com.mx",36,"Futura"
"POL0172","END172",1735.31,150.45,441.76,"AGT001","GMM","Colectiva",2026-12-18,2027-01-05,2026-12-28,2327.52,"Agente1","agente1@seguritas.com.mx",85,"Futura"
"POL0173","END173",4454.58,212.14,271.11,"AGT022","Daños","Colectiva",2026-10-02,2026-10-22,2026-10-25,4937.83,"Agente22","agente22@seguritas.com.mx",21,"En gestión de cobro"
"POL0174","END174",3986.27,279.08,427.26,"AGT002","Daños","Individual",2026-08-24,2026-09-12,2026-09-10,4692.61,"Agente2","agente2@seguritas.com.mx",-24,"En gestión de cobro"
"POL0175","END175",3673.14,104.17,683.51,"AGT004","Daños","Individual",2026-09-08,2026-10-08,2026-09-18,4460.82,"Agente4","agente4@seguritas.com.mx",-16,"En gestión de cobro"
"POL0176","END176",3472.07,187,182.75,"AGT027","Daños","Individual",2026-11-28,2026-12-21,2026-12-19,3841.82,"Agente27","agente27@seguritas.com.mx",76,"Futura"
"POL0177","END177",2488.95,230.01,361.5,"AGT006","GMM","Individual",2026-11-08,2026-11-27,2026-12-01,3080.46,"Agente6","agente6@seguritas.com.mx",58,"Futura"
"POL0178","END178",3119.34,149.31,697.57,"AGT005","Daños","Individual",2026-10-06,2026-10-22,2026-10-30,3966.22,"Agente5","agente5@seguritas.com.mx",26,"En gestión de cobro"
"POL0179","END179",4498.73,73.5,176.13,"AGT027","Autos","Colectiva",2026-11-27,2026-12-26,2026-12-07,4748.36,"Agente27","agente27@seguritas.com.mx",64,"Futura"
"POL0180","END180",3327,208.72,664.72,"AGT029","Vida","Individual",2026-08-24,2026-09-11,2026-09-09,4200.44,"Agente29","agente29@seguritas.com.mx",-25,"En gestión de cobro"
"POL0181","END181",4359.07,50.62,775.06,"AGT019","Daños","Individual",2026-09-27,2026-10-24,2026-10-18,5184.75,"Agente19","agente19@seguritas.com.mx",14,"En gestión de cobro"
"POL0182","END182",2249.79,102.63,579.6,"AGT012","Daños","Colectiva",2026-08-08,2026-09-07,2026-08-26,2932.02,"Agente12","agente12@seguritas.com.mx",-39,"Morosa"
"POL0183","END183",3833.16,219.76,155.67,"AGT001","Autos","Colectiva",2026-08-18,2026-09-14,2026-09-04,4208.59,"Agente1","agente1@seguritas.com.mx",-30,"Morosa"
"POL0184","END184",2060.07,266.55,452.76,"AGT010","Vida","Individual",2026-09-28,2026-10-15,2026-10-17,2779.38,"Agente10","agente10@seguritas.com.mx",13,"En gestión de cobro"
"POL0185","END185",3377.37,249.92,615.8,"AGT004","Daños","Individual",2026-11-25,2026-12-25,2026-12-15,4243.09,"Agente4","agente4@seguritas.com.mx",72,"Futura"
"POL0186","END186",2925.16,83.75,168.32,"AGT010","Daños","Colectiva",2026-10-09,2026-10-29,2026-10-20,3177.23,"Agente10","agente10@seguritas.com.mx",16,"En gestión de cobro"
"POL0187","END187",2060.13,146.87,699.56,"AGT015","Autos","Individual",2026-11-03,2026-11-18,2026-11-24,2906.56,"Agente15","agente15@seguritas.com.mx",51,"Futura"
"POL0188","END188",3258.36,247.12,635.17,"AGT028","GMM","Individual",2026-10-04,2026-10-24,2026-10-27,4140.65,"Agente28","agente28@seguritas.com.mx",23,"En gestión de cobro"
"POL0189","END189",4652.75,223.23,321.62,"AGT004","Autos","Colectiva",2026-12-19,2027-01-05,2027-01-01,5197.6,"Agente4","agente4@seguritas.com.mx",89,"Futura"
"POL0190","END190",4607.5,198.57,634.84,"AGT026","GMM","Individual",2026-08-06,2026-08-26,2026-08-17,5440.91,"Agente26","agente26@seguritas.com.mx",-48,"Morosa"
"POL0191","END191",2096.67,80.96,586.53,"AGT008","Daños","Individual",2026-08-10,2026-09-08,2026-08-28,2764.16,"Agente8","agente8@seguritas.com.mx",-37,"Morosa"
"POL0192","END192",2285.93,188.77,261.83,"AGT022","Autos","Individual",2026-09-22,2026-10-13,2026-10-09,2736.53,"Agente22","agente22@seguritas.com.mx",5,"En gestión de cobro"
"POL0193","END193",4942.56,162.35,585.32,"AGT014","Vida","Colectiva",2026-09-05,2026-09-25,2026-09-22,5690.23,"Agente14","agente14@seguritas.com.mx",-12,"En gestión de cobro"
"POL0194","END194",3479.97,241.54,754.73,"AGT027","Autos","Colectiva",2026-08-24,2026-09-21,2026-09-09,4476.24,"Agente27","agente27@seguritas.com.mx",-25,"En gestión de cobro"
"POL0195","END195",4749.26,56.52,703.13,"AGT028","GMM","Colectiva",2026-10-29,2026-11-22,2026-11-08,5508.91,"Agente28","agente28@seguritas.com.mx",35,"Futura"
"POL0196","END196",2866.13,98.79,657.7,"AGT008","Vida","Individual",2026-12-07,2026-12-25,2026-12-19,3622.62,"Agente8","agente8@seguritas.com.mx",76,"Futura"
"POL0197","END197",2627.33,270.31,595.8,"AGT010","Autos","Individual",2026-08-05,2026-08-24,2026-08-22,3493.44,"Agente10","agente10@seguritas.com.mx",-43,"Morosa"
"POL0198","END198",3636.92,77.45,534.39,"AGT006","Daños","Individual",2026-10-20,2026-11-11,2026-11-01,4248.76,"Agente6","agente6@seguritas.com.mx",28,"En gestión de cobro"
"POL0199","END199",1609.39,292.14,412.13,"AGT004","Autos","Colectiva",2026-09-28,2026-10-20,2026-10-13,2313.66,"Agente4","agente4@seguritas.com.mx",9,"En gestión de cobro"
"POL0200","END200",3291.47,146.3,233.43,"AGT011","Daños","Individual",2026-11-06,2026-11-23,2026-11-30,3671.2,"Agente11","agente11@seguritas.com.mx",57,"Futura"
"POL0201","END201",1954.9,264.65,683.11,"AGT016","Vida","Colectiva",2026-12-12,2027-01-05,2026-12-28,2902.66,"Agente16","agente16@seguritas.com.mx",85,"Futura"
"POL0202","END202",4849.44,271.85,615.87,"AGT007","Autos","Colectiva",2026-08-20,2026-09-05,2026-09-12,5737.16,"Agente7","agente7@seguritas.com.mx",-22,"En gestión de cobro"
"POL0203","END203",3405.46,172.27,662.41,"AGT008","Autos","Colectiva",2026-11-09,2026-11-27,2026-12-02,4240.14,"Agente8","agente8@seguritas.com.mx",59,"Futura"
"POL0204","END204",3060.12,229.52,161.91,"AGT030","GMM","Colectiva",2026-10-20,2026-11-05,2026-11-05,3451.55,"Agente30","agente30@seguritas.com.mx",32,"Futura"
"POL0205","END205",2610.29,171.68,263.42,"AGT005","Daños","Colectiva",2026-10-21,2026-11-14,2026-11-03,3045.39,"Agente5","agente5@seguritas.com.mx",30,"En gestión de cobro"
"POL0206","END206",4520.99,297.18,539.12,"AGT026","GMM","Colectiva",2026-11-23,2026-12-12,2026-12-06,5357.29,"Agente26","agente26@seguritas.com.mx",63,"Futura"
"POL0207","END207",2456.37,66.19,202.42,"AGT014","Autos","Individual",2026-08-13,2026-09-05,2026-09-04,2724.98,"Agente14","agente14@seguritas.com.mx",-30,"Morosa"
"POL0208","END208",2152.96,89.42,609.76,"AGT014","Vida","Individual",2026-09-26,2026-10-18,2026-10-09,2852.14,"Agente14","agente14@seguritas.com.mx",5,"En gestión de cobro"
"POL0209","END209",1682.58,246.34,516.38,"AGT020","Daños","Individual",2026-08-23,2026-09-21,2026-09-17,2445.3,"Agente20","agente20@seguritas.com.mx",-17,"En gestión de cobro"
"POL0210","END210",1688.69,185.55,333.83,"AGT007","Autos","Colectiva",2026-11-15,2026-12-14,2026-11-25,2208.07,"Agente7","agente7@seguritas.com.mx",52,"Futura"
"POL0211","END211",2928.17,154.14,404.84,"AGT009","Vida","Individual",2026-08-12,2026-09-10,2026-08-26,3487.15,"Agente9","agente9@seguritas.com.mx",-39,"Morosa"
"POL0212","END212",2011.86,299.72,587.27,"AGT020","Daños","Individual",2026-10-09,2026-10-25,2026-11-01,2898.85,"Agente20","agente20@seguritas.com.mx",28,"En gestión de cobro"
"POL0213","END213",1865.02,113.92,255.42,"AGT021","Daños","Individual",2026-09-09,2026-10-08,2026-09-26,2234.36,"Agente21","agente21@seguritas.com.mx",-8,"En gestión de cobro"
"POL0214","END214",3697.51,176.97,220.53,"AGT012","Daños","Colectiva",2026-12-28,2027-01-16,2027-01-07,4095.01,"Agente12","agente12@seguritas.com.mx",95,"Futura"
"POL0215","END215",1190.65,69.74,496.74,"AGT011","Daños","Colectiva",2026-11-09,2026-11-24,2026-11-21,1757.13,"Agente11","agente11@seguritas.com.mx",48,"Futura"
"POL0216","END216",3803.41,253.42,217.08,"AGT017","Autos","Individual",2026-12-21,2027-01-10,2027-01-12,4273.91,"Agente17","agente17@seguritas.com.mx",100,"Futura"
"POL0217","END217",2407.55,145.54,210.72,"AGT002","Daños","Individual",2026-12-04,2026-12-24,2026-12-18,2763.81,"Agente2","agente2@seguritas.com.mx",75,"Futura"
"POL0218","END218",2635.78,250.55,565.95,"AGT029","Daños","Individual",2026-12-25,2027-01-21,2027-01-05,3452.28,"Agente29","agente29@seguritas.com.mx",93,"Futura"
"POL0219","END219",4283.81,99.48,516.63,"AGT008","Vida","Individual",2026-12-07,2027-01-04,2026-12-21,4899.92,"Agente8","agente8@seguritas.com.mx",78,"Futura"
"POL0220","END220",4675.43,286.6,348.6,"AGT029","Daños","Colectiva",2026-08-25,2026-09-22,2026-09-11,5310.63,"Agente29","agente29@seguritas.com.mx",-23,"En gestión de cobro"
"POL0221","END221",2130.11,136.42,322.91,"AGT023","GMM","Colectiva",2026-12-21,2027-01-07,2027-01-11,2589.44,"Agente23","agente23@seguritas.com.mx",99,"Futura"
"POL0222","END222",4844.42,180.51,561.13,"AGT005","Vida","Individual",2026-09-19,2026-10-08,2026-09-30,5586.06,"Agente5","agente5@seguritas.com.mx",-4,"En gestión de cobro"
"POL0223","END223",3913.58,77.92,689.99,"AGT021","Vida","Colectiva",2026-11-26,2026-12-22,2026-12-10,4681.49,"Agente21","agente21@seguritas.com.mx",67,"Futura"
"POL0224","END224",3745.5,271.49,183.38,"AGT030","Autos","Colectiva",2026-11-13,2026-12-01,2026-11-30,4200.37,"Agente30","agente30@seguritas.com.mx",57,"Futura"
"POL0225","END225",1211.38,288.56,795.02,"AGT020","Daños","Individual",2026-11-01,2026-11-29,2026-11-23,2294.96,"Agente20","agente20@seguritas.com.mx",50,"Futura"
"POL0226","END226",2580.88,60.1,164.36,"AGT006","Vida","Individual",2026-10-18,2026-11-11,2026-11-03,2805.34,"Agente6","agente6@seguritas.com.mx",30,"En gestión de cobro"
"POL0227","END227",2911.38,173.4,266.9,"AGT023","Vida","Individual",2026-08-27,2026-09-25,2026-09-16,3351.68,"Agente23","agente23@seguritas.com.mx",-18,"En gestión de cobro"
"POL0228","END228",3241.01,106.52,363.65,"AGT003","Autos","Individual",2026-12-17,2027-01-12,2026-12-28,3711.18,"Agente3","agente3@seguritas.com.mx",85,"Futura"
"POL0229","END229",3793.05,264.7,705.68,"AGT020","Daños","Individual",2026-12-29,2027-01-17,2027-01-12,4763.43,"Agente20","agente20@seguritas.com.mx",100,"Futura"
"POL0230","END230",4662.73,182.73,269.83,"AGT027","Vida","Colectiva",2026-12-03,2026-12-19,2026-12-26,5115.29,"Agente27","agente27@seguritas.com.mx",83,"Futura"
"POL0231","END231",3473.4,51.16,666.98,"AGT014","GMM","Colectiva",2026-10-01,2026-10-21,2026-10-24,4191.54,"Agente14","agente14@seguritas.com.mx",20,"En gestión de cobro"
"POL0232","END232",2713.69,119.39,708.25,"AGT009","Daños","Colectiva",2026-10-19,2026-11-08,2026-11-09,3541.33,"Agente9","agente9@seguritas.com.mx",36,"Futura"
"POL0233","END233",3168.32,131.3,456.81,"AGT028","Vida","Colectiva",2026-09-24,2026-10-14,2026-10-07,3756.43,"Agente28","agente28@seguritas.com.mx",3,"En gestión de cobro"
"POL0234","END234",1233.91,197.18,571.33,"AGT028","Vida","Colectiva",2026-09-23,2026-10-23,2026-10-10,2002.42,"Agente28","agente28@seguritas.com.mx",6,"En gestión de cobro"
"POL0235","END235",2043.43,112.42,361.28,"AGT020","Vida","Colectiva",2026-08-13,2026-09-05,2026-09-04,2517.13,"Agente20","agente20@seguritas.com.mx",-30,"Morosa"
"POL0236","END236",2588.61,60.78,452.99,"AGT022","Daños","Individual",2026-08-20,2026-09-18,2026-09-14,3102.38,"Agente22","agente22@seguritas.com.mx",-20,"En gestión de cobro"
"POL0237","END237",1790.98,77.67,762.56,"AGT004","Autos","Individual",2026-12-25,2027-01-24,2027-01-10,2631.21,"Agente4","agente4@seguritas.com.mx",98,"Futura"
"POL0238","END238",4327.71,225.94,309.55,"AGT007","Autos","Individual",2026-11-12,2026-12-11,2026-12-03,4863.2,"Agente7","agente7@seguritas.com.mx",60,"Futura"
"POL0239","END239",1611.55,284.76,164.6,"AGT019","Vida","Colectiva",2026-12-20,2027-01-16,2027-01-01,2060.91,"Agente19","agente19@seguritas.com.mx",89,"Futura"
"POL0240","END240",4213.67,127.79,778.6,"AGT030","Daños","Colectiva",2026-09-02,2026-09-18,2026-09-21,5120.06,"Agente30","agente30@seguritas.com.mx",-13,"En gestión de cobro"
"POL0241","END241",3187.3,69.62,319.03,"AGT008","Autos","Colectiva",2026-11-05,2026-11-30,2026-11-26,3575.95,"Agente8","agente8@seguritas.com.mx",53,"Futura"
"POL0242","END242",3649.27,130.44,575.17,"AGT006","Daños","Colectiva",2026-08-17,2026-09-10,2026-09-11,4354.88,"Agente6","agente6@seguritas.com.mx",-23,"En gestión de cobro"
"POL0243","END243",1686.79,206.23,199,"AGT002","Vida","Colectiva",2026-12-16,2027-01-08,2026-12-31,2092.02,"Agente2","agente2@seguritas.com.mx",88,"Futura"
"POL0244","END244",3532.22,160.06,780.01,"AGT018","Vida","Colectiva",2026-10-27,2026-11-13,2026-11-10,4472.29,"Agente18","agente18@seguritas.com.mx",37,"Futura"
"POL0245","END245",2247.48,250.34,747.05,"AGT022","Vida","Individual",2026-09-16,2026-10-12,2026-09-26,3244.87,"Agente22","agente22@seguritas.com.mx",-8,"En gestión de cobro"
"POL0246","END246",3898.22,119.82,714.3,"AGT007","Autos","Individual",2026-12-31,2027-01-20,2027-01-14,4732.34,"Agente7","agente7@seguritas.com.mx",102,"Futura"
"POL0247","END247",2595.76,192.68,425.85,"AGT003","Daños","Individual",2026-09-24,2026-10-16,2026-10-11,3214.29,"Agente3","agente3@seguritas.com.mx",7,"En gestión de cobro"
"POL0248","END248",4877.43,60.53,657.67,"AGT030","Daños","Colectiva",2026-12-02,2026-12-31,2026-12-21,5595.63,"Agente30","agente30@seguritas.com.mx",78,"Futura"
"POL0249","END249",4869.59,97.68,344.94,"AGT003","Daños","Individual",2026-12-24,2027-01-12,2027-01-10,5312.21,"Agente3","agente3@seguritas.com.mx",98,"Futura"
"POL0250","END250",3906.81,231.77,338.14,"AGT013","Vida","Individual",2026-10-19,2026-11-05,2026-10-31,4476.72,"Agente13","agente13@seguritas.com.mx",27,"En gestión de cobro"
"POL0251","END251",2028.87,256.67,799.53,"AGT008","Daños","Individual",2026-12-06,2026-12-31,2026-12-30,3085.07,"Agente8","agente8@seguritas.com.mx",87,"Futura"
"POL0252","END252",1887.15,177.68,791.57,"AGT009","Vida","Individual",2026-12-15,2027-01-02,2026-12-27,2856.4,"Agente9","agente9@seguritas.com.mx",84,"Futura"
"POL0253","END253",3372.18,191.93,462.03,"AGT030","GMM","Individual",2026-12-12,2027-01-02,2026-12-26,4026.14,"Agente30","agente30@seguritas.com.mx",83,"Futura"
"POL0254","END254",2070.09,50.29,645.48,"AGT025","Vida","Colectiva",2026-10-19,2026-11-16,2026-11-10,2765.86,"Agente25","agente25@seguritas.com.mx",37,"Futura"
"POL0255","END255",3124.28,85.94,363.6,"AGT012","Vida","Individual",2026-11-27,2026-12-21,2026-12-13,3573.82,"Agente12","agente12@seguritas.com.mx",70,"Futura"
"POL0256","END256",4141.17,266.49,303.56,"AGT019","GMM","Individual",2026-09-10,2026-10-04,2026-10-01,4711.22,"Agente19","agente19@seguritas.com.mx",-3,"En gestión de cobro"
"POL0257","END257",1672.24,70.64,551.61,"AGT002","GMM","Colectiva",2026-09-25,2026-10-25,2026-10-11,2294.49,"Agente2","agente2@seguritas.com.mx",7,"En gestión de cobro"
"POL0258","END258",2617.6,111.14,371.29,"AGT012","GMM","Individual",2026-12-17,2027-01-06,2027-01-08,3100.03,"Agente12","agente12@seguritas.com.mx",96,"Futura"
"POL0259","END259",2886.31,295.39,187.95,"AGT007","Vida","Individual",2026-08-02,2026-08-31,2026-08-21,3369.65,"Agente7","agente7@seguritas.com.mx",-44,"Morosa"
"POL0260","END260",4472.43,194.4,788.26,"AGT021","GMM","Individual",2026-12-02,2026-12-20,2026-12-25,5455.09,"Agente21","agente21@seguritas.com.mx",82,"Futura"
"POL0261","END261",4702.83,112.18,597.23,"AGT018","Vida","Colectiva",2026-08-29,2026-09-27,2026-09-12,5412.24,"Agente18","agente18@seguritas.com.mx",-22,"En gestión de cobro"
"POL0262","END262",4527.91,203.74,710.42,"AGT010","Daños","Colectiva",2026-08-09,2026-08-26,2026-08-22,5442.07,"Agente10","agente10@seguritas.com.mx",-43,"Morosa"
"POL0263","END263",3696.75,57.94,450.1,"AGT019","GMM","Colectiva",2026-12-05,2026-12-31,2026-12-15,4204.79,"Agente19","agente19@seguritas.com.mx",72,"Futura"
"POL0264","END264",4800.67,86.61,231.92,"AGT018","Autos","Individual",2026-09-19,2026-10-14,2026-09-30,5119.2,"Agente18","agente18@seguritas.com.mx",-4,"En gestión de cobro"
"POL0265","END265",3065.78,225.77,592.19,"AGT016","Daños","Individual",2026-08-13,2026-09-11,2026-09-06,3883.74,"Agente16","agente16@seguritas.com.mx",-28,"En gestión de cobro"
"POL0266","END266",3306.08,66.39,162.97,"AGT015","Autos","Individual",2026-10-04,2026-10-22,2026-10-20,3535.44,"Agente15","agente15@seguritas.com.mx",16,"En gestión de cobro"
"POL0267","END267",2345.32,205.45,255.92,"AGT015","Daños","Individual",2026-09-03,2026-09-23,2026-09-13,2806.69,"Agente15","agente15@seguritas.com.mx",-21,"En gestión de cobro"
"POL0268","END268",2389.3,284.33,732.28,"AGT003","Autos","Colectiva",2026-09-20,2026-10-06,2026-10-02,3405.91,"Agente3","agente3@seguritas.com.mx",-2,"En gestión de cobro"
"POL0269","END269",1080.1,71.97,249.55,"AGT006","GMM","Colectiva",2026-09-27,2026-10-17,2026-10-10,1401.62,"Agente6","agente6@seguritas.com.mx",6,"En gestión de cobro"
"POL0270","END270",3011.25,293.2,318.12,"AGT016","GMM","Colectiva",2026-12-13,2027-01-05,2026-12-23,3622.57,"Agente16","agente16@seguritas.com.mx",80,"Futura"
"POL0271","END271",4484.17,56.5,308.62,"AGT023","Daños","Colectiva",2026-12-04,2026-12-23,2026-12-23,4849.29,"Agente23","agente23@seguritas.com.mx",80,"Futura"
"POL0272","END272",1025.2,231.31,352.71,"AGT022","Vida","Individual",2026-12-03,2026-12-31,2026-12-17,1609.22,"Agente22","agente22@seguritas.com.mx",74,"Futura"
"POL0273","END273",1288.23,163.43,293.81,"AGT012","Daños","Colectiva",2026-09-10,2026-09-25,2026-09-28,1745.47,"Agente12","agente12@seguritas.com.mx",-6,"En gestión de cobro"
"POL0274","END274",1656.84,191.55,169.86,"AGT015","GMM","Colectiva",2026-09-25,2026-10-11,2026-10-12,2018.25,"Agente15","agente15@seguritas.com.mx",8,"En gestión de cobro"
"POL0275","END275",4081.34,268.18,736.97,"AGT020","Daños","Individual",2026-11-11,2026-11-30,2026-12-06,5086.49,"Agente20","agente20@seguritas.com.mx",63,"Futura"
"POL0276","END276",3940.74,188.64,773.61,"AGT001","Vida","Individual",2026-08-25,2026-09-09,2026-09-06,4902.99,"Agente1","agente1@seguritas.com.mx",-28,"En gestión de cobro"
"POL0277","END277",4887.5,234.41,762.85,"AGT012","Autos","Individual",2026-08-18,2026-09-03,2026-09-10,5884.76,"Agente12","agente12@seguritas.com.mx",-24,"En gestión de cobro"
"POL0278","END278",2865.89,205.78,444.65,"AGT029","Vida","Colectiva",2026-08-07,2026-08-29,2026-09-01,3516.32,"Agente29","agente29@seguritas.com.mx",-33,"Morosa"
"POL0279","END279",1297.54,127.76,434.48,"AGT020","Vida","Colectiva",2026-09-20,2026-10-15,2026-10-09,1859.78,"Agente20","agente20@seguritas.com.mx",5,"En gestión de cobro"
"POL0280","END280",3595.27,148.05,182.61,"AGT010","Vida","Colectiva",2026-08-16,2026-09-11,2026-09-06,3925.93,"Agente10","agente10@seguritas.com.mx",-28,"En gestión de cobro"
"POL0281","END281",4034.37,100.52,383.88,"AGT006","Vida","Colectiva",2026-08-02,2026-09-01,2026-08-16,4518.77,"Agente6","agente6@seguritas.com.mx",-49,"Morosa"
"POL0282","END282",1548.42,263.2,732.82,"AGT019","GMM","Colectiva",2026-09-14,2026-10-07,2026-09-27,2544.44,"Agente19","agente19@seguritas.com.mx",-7,"En gestión de cobro"
"POL0283","END283",2586.34,201.71,391.19,"AGT008","Autos","Colectiva",2026-10-08,2026-10-26,2026-10-20,3179.24,"Agente8","agente8@seguritas.com.mx",16,"En gestión de cobro"
"POL0284","END284",1899.94,239.02,477.14,"AGT024","Vida","Individual",2026-10-10,2026-11-07,2026-10-21,2616.1,"Agente24","agente24@seguritas.com.mx",17,"En gestión de cobro"
"POL0285","END285",1231.83,190.63,492.94,"AGT022","Daños","Individual",2026-10-30,2026-11-24,2026-11-10,1915.4,"Agente22","agente22@seguritas.com.mx",37,"Futura"
"POL0286","END286",2583.57,118.97,260.68,"AGT020","Vida","Individual",2026-09-17,2026-10-14,2026-09-28,2963.22,"Agente20","agente20@seguritas.com.mx",-6,"En gestión de cobro"
"POL0287","END287",1259.71,233.89,500.09,"AGT012","Autos","Colectiva",2026-10-28,2026-11-17,2026-11-14,1993.69,"Agente12","agente12@seguritas.com.mx",41,"Futura"
"POL0288","END288",1903.55,187.32,221.82,"AGT012","GMM","Colectiva",2026-09-11,2026-10-07,2026-09-22,2312.69,"Agente12","agente12@seguritas.com.mx",-12,"En gestión de cobro"
"POL0289","END289",1218.52,136.53,549.17,"AGT026","Vida","Individual",2026-10-17,2026-11-05,2026-11-06,1904.22,"Agente26","agente26@seguritas.com.mx",33,"Futura"
"POL0290","END290",3681.13,178.74,504.23,"AGT002","Autos","Individual",2026-08-01,2026-08-31,2026-08-25,4364.1,"Agente2","agente2@seguritas.com.mx",-40,"Morosa"
"POL0291","END291",2190.97,253.94,297.96,"AGT006","Vida","Individual",2026-10-11,2026-11-09,2026-11-04,2742.87,"Agente6","agente6@seguritas.com.mx",31,"Futura"
"POL0292","END292",1402.89,181.57,735.98,"AGT010","Vida","Colectiva",2026-11-10,2026-12-08,2026-11-30,2320.44,"Agente10","agente10@seguritas.com.mx",57,"Futura"
"POL0293","END293",1287.62,100.76,279.04,"AGT010","Autos","Individual",2026-11-13,2026-11-30,2026-11-27,1667.42,"Agente10","agente10@seguritas.com.mx",54,"Futura"
"POL0294","END294",4521.76,262.03,424.18,"AGT007","Vida","Individual",2026-08-08,2026-08-25,2026-08-29,5207.97,"Agente7","agente7@seguritas.com.mx",-36,"Morosa"
"POL0295","END295",4016.99,142.62,724.84,"AGT011","Autos","Individual",2026-10-03,2026-10-19,2026-10-15,4884.45,"Agente11","agente11@seguritas.com.mx",11,"En gestión de cobro"
"POL0296","END296",4266.42,125.83,304.83,"AGT017","Vida","Individual",2026-10-22,2026-11-19,2026-11-13,4697.08,"Agente17","agente17@seguritas.com.mx",40,"Futura"
"POL0297","END297",4928.56,242.65,339.56,"AGT008","GMM","Colectiva",2026-11-18,2026-12-06,2026-12-02,5510.77,"Agente8","agente8@seguritas.com.mx",59,"Futura"
"POL0298","END298",1414.4,233.36,719.66,"AGT021","GMM","Colectiva",2026-11-14,2026-11-30,2026-11-30,2367.42,"Agente21","agente21@seguritas.com.mx",57,"Futura"
"POL0299","END299",1396.17,259.73,552.4,"AGT005","Vida","Colectiva",2026-10-15,2026-11-03,2026-11-09,2208.3,"Agente5","agente5@seguritas.com.mx",36,"Futura"
"POL0300","END300",4195.33,192.26,707.24,"AGT015","Daños","Individual",2026-09-06,2026-09-29,2026-09-21,5094.83,"Agente15","agente15@seguritas.com.mx",-13,"En gestión de cobro"
"POL0301","END301",4138.3,56.57,460.23,"AGT017","Vida","Individual",2026-12-20,2027-01-19,2027-01-01,4655.1,"Agente17","agente17@seguritas.com.mx",89,"Futura"
"POL0302","END302",1037.72,171.53,731.25,"AGT015","Autos","Colectiva",2026-10-15,2026-11-07,2026-11-07,1940.5,"Agente15","agente15@seguritas.com.mx",34,"Futura"
"POL0303","END303",4116.26,185.67,259.9,"AGT013","Vida","Individual",2026-09-01,2026-09-16,2026-09-19,4561.83,"Agente13","agente13@seguritas.com.mx",-15,"En gestión de cobro"
"POL0304","END304",3917.56,259.17,553.7,"AGT017","Autos","Individual",2026-11-09,2026-12-07,2026-11-26,4730.43,"Agente17","agente17@seguritas.com.mx",53,"Futura"
"POL0305","END305",3520.53,232.17,619.79,"AGT017","Autos","Individual",2026-11-14,2026-12-12,2026-11-26,4372.49,"Agente17","agente17@seguritas.com.mx",53,"Futura"
"POL0306","END306",2923.64,188.78,273.64,"AGT021","Vida","Individual",2026-09-24,2026-10-12,2026-10-12,3386.06,"Agente21","agente21@seguritas.com.mx",8,"En gestión de cobro"
"POL0307","END307",1626.55,68.35,519.67,"AGT030","Daños","Individual",2026-11-24,2026-12-13,2026-12-04,2214.57,"Agente30","agente30@seguritas.com.mx",61,"Futura"
"POL0308","END308",1032.86,84.13,586.5,"AGT004","Autos","Individual",2026-09-12,2026-10-11,2026-09-24,1703.49,"Agente4","agente4@seguritas.com.mx",-10,"En gestión de cobro"
"POL0309","END309",2809.83,221.15,747.49,"AGT030","Daños","Individual",2026-08-30,2026-09-16,2026-09-15,3778.47,"Agente30","agente30@seguritas.com.mx",-19,"En gestión de cobro"
"POL0310","END310",2969.17,74.91,361.61,"AGT022","GMM","Individual",2026-09-16,2026-10-04,2026-10-03,3405.69,"Agente22","agente22@seguritas.com.mx",-1,"En gestión de cobro"
"POL0311","END311",2558.35,100.95,505.39,"AGT002","Vida","Colectiva",2026-09-05,2026-09-21,2026-09-23,3164.69,"Agente2","agente2@seguritas.com.mx",-11,"En gestión de cobro"
"POL0312","END312",2858.66,141.5,153.24,"AGT012","GMM","Colectiva",2026-11-04,2026-11-24,2026-11-28,3153.4,"Agente12","agente12@seguritas.com.mx",55,"Futura"
"POL0313","END313",3853.12,261.55,390.58,"AGT009","GMM","Colectiva",2026-09-18,2026-10-16,2026-10-13,4505.25,"Agente9","agente9@seguritas.com.mx",9,"En gestión de cobro"
"POL0314","END314",1221.21,109.22,564.45,"AGT027","Daños","Individual",2026-10-26,2026-11-10,2026-11-14,1894.88,"Agente27","agente27@seguritas.com.mx",41,"Futura"
"POL0315","END315",2419.13,226.22,546.24,"AGT003","GMM","Individual",2026-09-24,2026-10-12,2026-10-18,3191.59,"Agente3","agente3@seguritas.com.mx",14,"En gestión de cobro"
"POL0316","END316",4211.25,76.9,681.89,"AGT019","Autos","Colectiva",2026-09-22,2026-10-08,2026-10-04,4970.04,"Agente19","agente19@seguritas.com.mx",0,"En gestión de cobro"
"POL0317","END317",4342.84,244.77,226.63,"AGT002","GMM","Colectiva",2026-08-21,2026-09-09,2026-09-13,4814.24,"Agente2","agente2@seguritas.com.mx",-21,"En gestión de cobro"
"POL0318","END318",1951,113.78,581.18,"AGT024","Vida","Individual",2026-12-26,2027-01-24,2027-01-17,2645.96,"Agente24","agente24@seguritas.com.mx",105,"Futura"
"POL0319","END319",2415.94,187.01,281.04,"AGT004","Daños","Colectiva",2026-08-20,2026-09-12,2026-09-02,2883.99,"Agente4","agente4@seguritas.com.mx",-32,"Morosa"
"POL0320","END320",4427.54,58.48,531.46,"AGT027","GMM","Colectiva",2026-09-07,2026-10-07,2026-09-18,5017.48,"Agente27","agente27@seguritas.com.mx",-16,"En gestión de cobro"
"POL0321","END321",4415.05,251.53,601.8,"AGT014","Vida","Colectiva",2026-09-19,2026-10-07,2026-10-08,5268.38,"Agente14","agente14@seguritas.com.mx",4,"En gestión de cobro"
"POL0322","END322",2183.58,134.44,493.39,"AGT008","Vida","Individual",2026-11-16,2026-12-16,2026-12-06,2811.41,"Agente8","agente8@seguritas.com.mx",63,"Futura"
"POL0323","END323",1588.19,279.07,390.19,"AGT017","Vida","Individual",2026-12-04,2026-12-22,2026-12-14,2257.45,"Agente17","agente17@seguritas.com.mx",71,"Futura"
"POL0324","END324",3815.97,139.28,604.01,"AGT021","Vida","Individual",2026-12-16,2027-01-15,2026-12-31,4559.26,"Agente21","agente21@seguritas.com.mx",88,"Futura"
"POL0325","END325",1415.23,293.84,457.91,"AGT030","Daños","Colectiva",2026-09-07,2026-09-30,2026-09-26,2166.98,"Agente30","agente30@seguritas.com.mx",-8,"En gestión de cobro"
"POL0326","END326",1134.91,146.09,300.03,"AGT022","Daños","Colectiva",2026-11-02,2026-11-25,2026-11-15,1581.03,"Agente22","agente22@seguritas.com.mx",42,"Futura"
"POL0327","END327",4997.62,172.17,445.19,"AGT002","Autos","Colectiva",2026-12-27,2027-01-18,2027-01-07,5614.98,"Agente2","agente2@seguritas.com.mx",95,"Futura"
"POL0328","END328",1139.5,172.69,201.47,"AGT021","Autos","Colectiva",2026-10-30,2026-11-27,2026-11-17,1513.66,"Agente21","agente21@seguritas.com.mx",44,"Futura"
"POL0329","END329",2353.57,53.06,317.49,"AGT023","Daños","Individual",2026-10-24,2026-11-19,2026-11-09,2724.12,"Agente23","agente23@seguritas.com.mx",36,"Futura"
"POL0330","END330",4660.26,210.37,510.15,"AGT024","Autos","Colectiva",2026-08-08,2026-08-31,2026-08-26,5380.78,"Agente24","agente24@seguritas.com.mx",-39,"Morosa"
"POL0331","END331",3468.94,178.14,164.14,"AGT005","Vida","Individual",2026-08-17,2026-09-09,2026-09-05,3811.22,"Agente5","agente5@seguritas.com.mx",-29,"En gestión de cobro"
"POL0332","END332",2145.14,130.09,287.22,"AGT003","Vida","Colectiva",2026-10-29,2026-11-27,2026-11-18,2562.45,"Agente3","agente3@seguritas.com.mx",45,"Futura"
"POL0333","END333",3951.19,195.36,563.66,"AGT005","GMM","Colectiva",2026-09-09,2026-10-04,2026-09-28,4710.21,"Agente5","agente5@seguritas.com.mx",-6,"En gestión de cobro"
"POL0334","END334",4336.22,204.34,616.03,"AGT004","Daños","Individual",2026-10-30,2026-11-22,2026-11-14,5156.59,"Agente4","agente4@seguritas.com.mx",41,"Futura"
"POL0335","END335",2257.08,159.57,654.96,"AGT013","Autos","Individual",2026-11-16,2026-12-15,2026-11-26,3071.61,"Agente13","agente13@seguritas.com.mx",53,"Futura"
"POL0336","END336",2970.27,92.59,197.59,"AGT027","Vida","Colectiva",2026-12-02,2026-12-21,2026-12-20,3260.45,"Agente27","agente27@seguritas.com.mx",77,"Futura"
"POL0337","END337",3789.5,228.77,214.19,"AGT022","GMM","Colectiva",2026-12-22,2027-01-08,2027-01-02,4232.46,"Agente22","agente22@seguritas.com.mx",90,"Futura"
"POL0338","END338",3565.85,236.95,765.16,"AGT016","Autos","Individual",2026-11-05,2026-12-04,2026-11-19,4567.96,"Agente16","agente16@seguritas.com.mx",46,"Futura"
"POL0339","END339",3575.69,260.98,755.07,"AGT013","Autos","Colectiva",2026-11-27,2026-12-25,2026-12-20,4591.74,"Agente13","agente13@seguritas.com.mx",77,"Futura"
"POL0340","END340",4911.41,183.69,748.94,"AGT004","GMM","Individual",2026-09-15,2026-10-14,2026-09-29,5844.04,"Agente4","agente4@seguritas.com.mx",-5,"En gestión de cobro"
"POL0341","END341",2658.94,125.56,572.46,"AGT015","Daños","Individual",2026-11-20,2026-12-07,2026-12-13,3356.96,"Agente15","agente15@seguritas.com.mx",70,"Futura"
"POL0342","END342",1477.62,164.13,251.63,"AGT016","Vida","Colectiva",2026-08-24,2026-09-10,2026-09-14,1893.38,"Agente16","agente16@seguritas.com.mx",-20,"En gestión de cobro"
"POL0343","END343",3104.12,146.09,741.59,"AGT010","Vida","Colectiva",2026-12-01,2026-12-25,2026-12-24,3991.8,"Agente10","agente10@seguritas.com.mx",81,"Futura"
"POL0344","END344",1900.29,112.26,749.34,"AGT024","Daños","Colectiva",2026-08-07,2026-08-27,2026-09-01,2761.89,"Agente24","agente24@seguritas.com.mx",-33,"Morosa"
"POL0345","END345",2945.65,213.66,260.01,"AGT030","Vida","Individual",2026-10-07,2026-11-05,2026-10-29,3419.32,"Agente30","agente30@seguritas.com.mx",25,"En gestión de cobro"
"POL0346","END346",2480.86,288.83,197.69,"AGT023","GMM","Individual",2026-09-16,2026-10-05,2026-09-30,2967.38,"Agente23","agente23@seguritas.com.mx",-4,"En gestión de cobro"
"POL0347","END347",4933.4,122.77,518.05,"AGT016","Daños","Colectiva",2026-08-13,2026-09-10,2026-09-06,5574.22,"Agente16","agente16@seguritas.com.mx",-28,"En gestión de cobro"
"POL0348","END348",2553.28,212.55,387.51,"AGT023","Daños","Colectiva",2026-12-20,2027-01-19,2027-01-03,3153.34,"Agente23","agente23@seguritas.com.mx",91,"Futura"
"POL0349","END349",1916.98,184.09,449.11,"AGT025","Vida","Colectiva",2026-12-25,2027-01-17,2027-01-18,2550.18,"Agente25","agente25@seguritas.com.mx",106,"Futura"
"POL0350","END350",3493.19,199.36,452.08,"AGT022","Autos","Individual",2026-10-04,2026-10-21,2026-10-21,4144.63,"Agente22","agente22@seguritas.com.mx",17,"En gestión de cobro"
"POL0351","END351",1546.16,56.22,656.29,"AGT005","Vida","Colectiva",2026-08-06,2026-09-04,2026-08-22,2258.67,"Agente5","agente5@seguritas.com.mx",-43,"Morosa"
"POL0352","END352",4869.88,51.21,685.38,"AGT021","Daños","Individual",2026-08-24,2026-09-10,2026-09-07,5606.47,"Agente21","agente21@seguritas.com.mx",-27,"En gestión de cobro"
"POL0353","END353",3060.29,82.84,333.53,"AGT019","Vida","Colectiva",2026-09-04,2026-10-03,2026-09-26,3476.66,"Agente19","agente19@seguritas.com.mx",-8,"En gestión de cobro"
"POL0354","END354",1652.28,56.2,624.49,"AGT012","Vida","Individual",2026-09-04,2026-09-28,2026-09-29,2332.97,"Agente12","agente12@seguritas.com.mx",-5,"En gestión de cobro"
"POL0355","END355",3487.61,73.03,472.38,"AGT001","GMM","Colectiva",2026-08-01,2026-08-18,2026-08-25,4033.02,"Agente1","agente1@seguritas.com.mx",-40,"Morosa"
"POL0356","END356",4943.82,168.89,193.07,"AGT026","Daños","Colectiva",2026-08-18,2026-09-10,2026-09-07,5305.78,"Agente26","agente26@seguritas.com.mx",-27,"En gestión de cobro"
"POL0357","END357",3675.09,99.16,174.47,"AGT022","GMM","Colectiva",2026-10-17,2026-11-12,2026-10-30,3948.72,"Agente22","agente22@seguritas.com.mx",26,"En gestión de cobro"
"POL0358","END358",2675.66,253.67,304.43,"AGT019","Autos","Individual",2026-10-18,2026-11-14,2026-10-28,3233.76,"Agente19","agente19@seguritas.com.mx",24,"En gestión de cobro"
"POL0359","END359",2293.38,111.01,291.96,"AGT026","Daños","Colectiva",2026-10-16,2026-11-06,2026-10-30,2696.35,"Agente26","agente26@seguritas.com.mx",26,"En gestión de cobro"
"POL0360","END360",4341.02,172.2,424.55,"AGT007","Daños","Individual",2026-11-03,2026-12-01,2026-11-20,4937.77,"Agente7","agente7@seguritas.com.mx",47,"Futura"
"POL0361","END361",1575.27,212.22,507.34,"AGT027","Autos","Colectiva",2026-10-20,2026-11-12,2026-11-02,2294.83,"Agente27","agente27@seguritas.com.mx",29,"En gestión de cobro"
"POL0362","END362",1771.26,89.68,613.93,"AGT008","Daños","Colectiva",2026-09-10,2026-09-30,2026-09-25,2474.87,"Agente8","agente8@seguritas.com.mx",-9,"En gestión de cobro"
"POL0363","END363",4586.95,259.24,306,"AGT016","Vida","Colectiva",2026-11-12,2026-12-12,2026-12-01,5152.19,"Agente16","agente16@seguritas.com.mx",58,"Futura"
"POL0364","END364",2232.48,159.15,732.19,"AGT012","Vida","Individual",2026-11-12,2026-12-05,2026-11-24,3123.82,"Agente12","agente12@seguritas.com.mx",51,"Futura"
"POL0365","END365",2453.2,108.37,463.71,"AGT010","Vida","Colectiva",2026-11-20,2026-12-11,2026-12-01,3025.28,"Agente10","agente10@seguritas.com.mx",58,"Futura"
"POL0366","END366",4135.79,124.71,320.85,"AGT027","Autos","Colectiva",2026-10-22,2026-11-12,2026-11-15,4581.35,"Agente27","agente27@seguritas.com.mx",42,"Futura"
"POL0367","END367",1773.51,89.86,357.95,"AGT008","Daños","Individual",2026-09-13,2026-10-06,2026-09-29,2221.32,"Agente8","agente8@seguritas.com.mx",-5,"En gestión de cobro"
"POL0368","END368",1071.06,196.39,581.8,"AGT020","Vida","Colectiva",2026-08-18,2026-09-15,2026-08-31,1849.25,"Agente20","agente20@seguritas.com.mx",-34,"Morosa"
"POL0369","END369",2626.43,87.19,623.23,"AGT018","GMM","Colectiva",2026-09-01,2026-09-16,2026-09-25,3336.85,"Agente18","agente18@seguritas.com.mx",-9,"En gestión de cobro"
"POL0370","END370",2932.67,94.76,521.43,"AGT020","Daños","Colectiva",2026-09-19,2026-10-07,2026-10-08,3548.86,"Agente20","agente20@seguritas.com.mx",4,"En gestión de cobro"
"POL0371","END371",2687.38,134.81,721.15,"AGT006","GMM","Colectiva",2026-12-18,2027-01-05,2026-12-28,3543.34,"Agente6","agente6@seguritas.com.mx",85,"Futura"
"POL0372","END372",2371.24,95.98,415.98,"AGT007","Daños","Colectiva",2026-08-11,2026-08-28,2026-08-26,2883.2,"Agente7","agente7@seguritas.com.mx",-39,"Morosa"
"POL0373","END373",4465.93,151.39,283.51,"AGT002","Vida","Individual",2026-10-04,2026-10-26,2026-10-19,4900.83,"Agente2","agente2@seguritas.com.mx",15,"En gestión de cobro"
"POL0374","END374",2820.43,203.39,456.03,"AGT021","Daños","Colectiva",2026-09-09,2026-09-26,2026-09-22,3479.85,"Agente21","agente21@seguritas.com.mx",-12,"En gestión de cobro"
"POL0375","END375",3135.06,221.42,396.62,"AGT017","Daños","Colectiva",2026-10-21,2026-11-06,2026-11-09,3753.1,"Agente17","agente17@seguritas.com.mx",36,"Futura"
"POL0376","END376",4855.37,255.88,310.92,"AGT027","GMM","Colectiva",2026-09-04,2026-09-20,2026-09-16,5422.17,"Agente27","agente27@seguritas.com.mx",-18,"En gestión de cobro"
"POL0377","END377",4098.37,143.5,751.27,"AGT027","Daños","Individual",2026-12-23,2027-01-10,2027-01-15,4993.14,"Agente27","agente27@seguritas.com.mx",103,"Futura"
"POL0378","END378",1835.51,288.21,453.01,"AGT012","GMM","Individual",2026-10-03,2026-10-22,2026-10-24,2576.73,"Agente12","agente12@seguritas.com.mx",20,"En gestión de cobro"
"POL0379","END379",2235.15,54.71,159.06,"AGT013","Autos","Individual",2026-10-18,2026-11-07,2026-10-28,2448.92,"Agente13","agente13@seguritas.com.mx",24,"En gestión de cobro"
"POL0380","END380",4885.37,203.09,763.1,"AGT028","Autos","Individual",2026-09-14,2026-10-04,2026-09-30,5851.56,"Agente28","agente28@seguritas.com.mx",-4,"En gestión de cobro"
"POL0381","END381",3339.6,165.89,393.45,"AGT018","Daños","Colectiva",2026-08-21,2026-09-16,2026-09-09,3898.94,"Agente18","agente18@seguritas.com.mx",-25,"En gestión de cobro"
"POL0382","END382",4043.29,138.68,155.23,"AGT028","Vida","Individual",2026-11-25,2026-12-10,2026-12-10,4337.2,"Agente28","agente28@seguritas.com.mx",67,"Futura"
"POL0383","END383",2490.84,270.61,787.34,"AGT030","GMM","Colectiva",2026-11-22,2026-12-07,2026-12-05,3548.79,"Agente30","agente30@seguritas.com.mx",62,"Futura"
"POL0384","END384",4076.78,68.95,395.4,"AGT012","GMM","Individual",2026-08-25,2026-09-16,2026-09-07,4541.13,"Agente12","agente12@seguritas.com.mx",-27,"En gestión de cobro"
"POL0385","END385",3150.71,270.82,790.81,"AGT007","GMM","Individual",2026-11-30,2026-12-25,2026-12-14,4212.34,"Agente7","agente7@seguritas.com.mx",71,"Futura"
"POL0386","END386",4655.98,97.06,240.75,"AGT010","Daños","Individual",2026-11-15,2026-12-14,2026-12-06,4993.79,"Agente10","agente10@seguritas.com.mx",63,"Futura"
"POL0387","END387",1741.19,103.77,515.44,"AGT007","Daños","Individual",2026-12-05,2027-01-03,2026-12-17,2360.4,"Agente7","agente7@seguritas.com.mx",74,"Futura"
"POL0388","END388",2128.87,267.38,666.33,"AGT029","Daños","Individual",2026-08-26,2026-09-22,2026-09-19,3062.58,"Agente29","agente29@seguritas.com.mx",-15,"En gestión de cobro"
"POL0389","END389",1379.85,65.21,276.04,"AGT010","Vida","Individual",2026-09-13,2026-09-30,2026-09-25,1721.1,"Agente10","agente10@seguritas.com.mx",-9,"En gestión de cobro"
"POL0390","END390",1841.95,108.72,611.95,"AGT008","Vida","Individual",2026-09-08,2026-10-05,2026-09-25,2562.62,"Agente8","agente8@seguritas.com.mx",-9,"En gestión de cobro"
"POL0391","END391",4908.4,298.25,517.71,"AGT012","Vida","Colectiva",2026-08-30,2026-09-20,2026-09-23,5724.36,"Agente12","agente12@seguritas.com.mx",-11,"En gestión de cobro"
"POL0392","END392",2185.21,219.55,156.58,"AGT014","Autos","Colectiva",2026-10-07,2026-11-03,2026-10-20,2561.34,"Agente14","agente14@seguritas.com.mx",16,"En gestión de cobro"
"POL0393","END393",3903.93,158.87,317.02,"AGT021","Vida","Colectiva",2026-10-09,2026-11-01,2026-10-27,4379.82,"Agente21","agente21@seguritas.com.mx",23,"En gestión de cobro"
"POL0394","END394",4142.75,144.33,456.14,"AGT026","Daños","Individual",2026-10-02,2026-10-18,2026-10-23,4743.22,"Agente26","agente26@seguritas.com.mx",19,"En gestión de cobro"
"POL0395","END395",1421.67,165.3,752.46,"AGT019","Vida","Colectiva",2026-08-21,2026-09-05,2026-09-15,2339.43,"Agente19","agente19@seguritas.com.mx",-19,"En gestión de cobro"
"POL0396","END396",1958.38,250.46,796.94,"AGT007","Daños","Colectiva",2026-10-02,2026-10-21,2026-10-24,3005.78,"Agente7","agente7@seguritas.com.mx",20,"En gestión de cobro"
"POL0397","END397",2082.18,215.74,286.49,"AGT024","Autos","Colectiva",2026-12-07,2026-12-22,2026-12-17,2584.41,"Agente24","agente24@seguritas.com.mx",74,"Futura"
"POL0398","END398",1404.23,166.5,504.37,"AGT009","Daños","Colectiva",2026-09-25,2026-10-19,2026-10-16,2075.1,"Agente9","agente9@seguritas.com.mx",12,"En gestión de cobro"
"POL0399","END399",1471.66,63.31,569.51,"AGT008","Autos","Individual",2026-10-27,2026-11-16,2026-11-21,2104.48,"Agente8","agente8@seguritas.com.mx",48,"Futura"
"POL0400","END400",4964.95,109.3,735.72,"AGT002","Daños","Individual",2026-11-05,2026-11-29,2026-11-27,5809.97,"Agente2","agente2@seguritas.com.mx",54,"Futura"
"POL0401","END401",4944.22,108.31,626.01,"AGT026","GMM","Colectiva",2026-10-16,2026-11-10,2026-11-05,5678.54,"Agente26","agente26@seguritas.com.mx",32,"Futura"
"POL0402","END402",1548.27,107.66,546.31,"AGT029","GMM","Colectiva",2026-11-11,2026-12-10,2026-11-24,2202.24,"Agente29","agente29@seguritas.com.mx",51,"Futura"
"POL0403","END403",4621.24,65.43,295.84,"AGT009","Daños","Colectiva",2026-08-14,2026-09-04,2026-09-02,4982.51,"Agente9","agente9@seguritas.com.mx",-32,"Morosa"
"POL0404","END404",3305.21,174.28,745.51,"AGT010","GMM","Individual",2026-09-09,2026-10-08,2026-09-20,4225,"Agente10","agente10@seguritas.com.mx",-14,"En gestión de cobro"
"POL0405","END405",2581.8,111.03,671.79,"AGT016","Autos","Individual",2026-10-22,2026-11-19,2026-11-03,3364.62,"Agente16","agente16@seguritas.com.mx",30,"En gestión de cobro"
"POL0406","END406",2799.21,239.55,353.07,"AGT007","Daños","Individual",2026-12-08,2026-12-28,2026-12-31,3391.83,"Agente7","agente7@seguritas.com.mx",88,"Futura"
"POL0407","END407",3826.01,186.83,297.71,"AGT023","GMM","Individual",2026-09-24,2026-10-18,2026-10-13,4310.55,"Agente23","agente23@seguritas.com.mx",9,"En gestión de cobro"
"POL0408","END408",1330.01,287.02,577.44,"AGT027","Daños","Individual",2026-12-15,2027-01-03,2026-12-30,2194.47,"Agente27","agente27@seguritas.com.mx",87,"Futura"
"POL0409","END409",2357.25,71.54,628.23,"AGT004","Autos","Individual",2026-08-01,2026-08-22,2026-08-26,3057.02,"Agente4","agente4@seguritas.com.mx",-39,"Morosa"
"POL0410","END410",3723.15,286.97,452.31,"AGT002","Autos","Colectiva",2026-09-18,2026-10-13,2026-10-04,4462.43,"Agente2","agente2@seguritas.com.mx",0,"En gestión de cobro"
"POL0411","END411",2267.8,230.6,711.34,"AGT026","Daños","Individual",2026-10-15,2026-11-14,2026-11-07,3209.74,"Agente26","agente26@seguritas.com.mx",34,"Futura"
"POL0412","END412",4326.27,280.5,588.75,"AGT015","Daños","Colectiva",2026-11-20,2026-12-14,2026-12-10,5195.52,"Agente15","agente15@seguritas.com.mx",67,"Futura"
"POL0413","END413",1860.69,203.46,254.95,"AGT001","Daños","Individual",2026-12-25,2027-01-20,2027-01-14,2319.1,"Agente1","agente1@seguritas.com.mx",102,"Futura"
"POL0414","END414",2991.8,90.24,157.86,"AGT007","Vida","Colectiva",2026-09-10,2026-10-07,2026-09-23,3239.9,"Agente7","agente7@seguritas.com.mx",-11,"En gestión de cobro"
"POL0415","END415",2104.2,95.74,712.94,"AGT017","Vida","Colectiva",2026-08-08,2026-09-05,2026-08-28,2912.88,"Agente17","agente17@seguritas.com.mx",-37,"Morosa"
"POL0416","END416",1768.09,232.55,215.46,"AGT011","Vida","Individual",2026-10-19,2026-11-09,2026-11-04,2216.1,"Agente11","agente11@seguritas.com.mx",31,"Futura"
"POL0417","END417",4802.49,197.38,352.95,"AGT004","GMM","Individual",2026-08-16,2026-09-02,2026-08-28,5352.82,"Agente4","agente4@seguritas.com.mx",-37,"Morosa"
"POL0418","END418",2286.9,128.12,432.42,"AGT004","Daños","Individual",2026-10-02,2026-10-31,2026-10-26,2847.44,"Agente4","agente4@seguritas.com.mx",22,"En gestión de cobro"
"POL0419","END419",2913.83,243.2,550.24,"AGT006","Vida","Individual",2026-09-17,2026-10-12,2026-10-12,3707.27,"Agente6","agente6@seguritas.com.mx",8,"En gestión de cobro"
"POL0420","END420",1111.97,134.07,370.5,"AGT020","Autos","Colectiva",2026-08-23,2026-09-09,2026-09-17,1616.54,"Agente20","agente20@seguritas.com.mx",-17,"En gestión de cobro"
"POL0421","END421",3189.84,263.92,526.99,"AGT025","Daños","Colectiva",2026-10-23,2026-11-12,2026-11-08,3980.75,"Agente25","agente25@seguritas.com.mx",35,"Futura"
"POL0422","END422",3576.96,195.13,689.29,"AGT028","Autos","Individual",2026-11-01,2026-11-24,2026-11-23,4461.38,"Agente28","agente28@seguritas.com.mx",50,"Futura"
"POL0423","END423",3385.05,153.93,367.5,"AGT017","Autos","Individual",2026-09-16,2026-10-02,2026-10-05,3906.48,"Agente17","agente17@seguritas.com.mx",1,"En gestión de cobro"
"POL0424","END424",2287.75,283.14,398.31,"AGT015","GMM","Colectiva",2026-10-06,2026-11-04,2026-10-17,2969.2,"Agente15","agente15@seguritas.com.mx",13,"En gestión de cobro"
"POL0425","END425",4564.46,165.67,543.7,"AGT009","Vida","Individual",2026-08-06,2026-09-04,2026-08-27,5273.83,"Agente9","agente9@seguritas.com.mx",-38,"Morosa"
"POL0426","END426",3505.03,74.84,472.23,"AGT014","Autos","Individual",2026-10-23,2026-11-17,2026-11-14,4052.1,"Agente14","agente14@seguritas.com.mx",41,"Futura"
"POL0427","END427",2211.62,166.36,221.02,"AGT008","Vida","Colectiva",2026-09-01,2026-09-26,2026-09-23,2599,"Agente8","agente8@seguritas.com.mx",-11,"En gestión de cobro"
"POL0428","END428",2552.82,296.02,699.85,"AGT014","Autos","Individual",2026-12-17,2027-01-11,2027-01-09,3548.69,"Agente14","agente14@seguritas.com.mx",97,"Futura"
"POL0429","END429",1641.9,281.32,439.81,"AGT027","Autos","Colectiva",2026-08-10,2026-09-04,2026-08-20,2363.03,"Agente27","agente27@seguritas.com.mx",-45,"Morosa"
"POL0430","END430",4450.21,158.85,637.74,"AGT026","Daños","Colectiva",2026-10-09,2026-10-27,2026-10-31,5246.8,"Agente26","agente26@seguritas.com.mx",27,"En gestión de cobro"
"POL0431","END431",4812.4,267.43,667.1,"AGT017","GMM","Individual",2026-09-13,2026-09-30,2026-10-08,5746.93,"Agente17","agente17@seguritas.com.mx",4,"En gestión de cobro"
"POL0432","END432",3254.58,125.09,403.95,"AGT017","Vida","Colectiva",2026-12-02,2026-12-26,2026-12-14,3783.62,"Agente17","agente17@seguritas.com.mx",71,"Futura"
"POL0433","END433",2318.19,249.49,159.65,"AGT026","Autos","Colectiva",2026-08-19,2026-09-16,2026-09-13,2727.33,"Agente26","agente26@seguritas.com.mx",-21,"En gestión de cobro"
"POL0434","END434",4986.47,250.13,633.22,"AGT007","Daños","Colectiva",2026-09-15,2026-10-01,2026-10-03,5869.82,"Agente7","agente7@seguritas.com.mx",-1,"En gestión de cobro"
"POL0435","END435",1939.28,146.73,194.45,"AGT005","Daños","Colectiva",2026-12-20,2027-01-04,2027-01-11,2280.46,"Agente5","agente5@seguritas.com.mx",99,"Futura"
"POL0436","END436",3450.69,145.4,495.81,"AGT017","Daños","Individual",2026-09-28,2026-10-14,2026-10-23,4091.9,"Agente17","agente17@seguritas.com.mx",19,"En gestión de cobro"
"POL0437","END437",1432.71,211.38,229.71,"AGT029","Daños","Individual",2026-12-31,2027-01-27,2027-01-12,1873.8,"Agente29","agente29@seguritas.com.mx",100,"Futura"
"POL0438","END438",2948.13,265.42,589.25,"AGT024","Vida","Colectiva",2026-12-21,2027-01-19,2027-01-13,3802.8,"Agente24","agente24@seguritas.com.mx",101,"Futura"
"POL0439","END439",1397.78,214.16,186.41,"AGT021","Vida","Colectiva",2026-09-17,2026-10-16,2026-09-29,1798.35,"Agente21","agente21@seguritas.com.mx",-5,"En gestión de cobro"
"POL0440","END440",1644.66,179.08,668.71,"AGT016","Vida","Individual",2026-09-10,2026-09-27,2026-09-28,2492.45,"Agente16","agente16@seguritas.com.mx",-6,"En gestión de cobro"
"POL0441","END441",2131.97,87.2,580.69,"AGT021","Autos","Colectiva",2026-10-28,2026-11-25,2026-11-16,2799.86,"Agente21","agente21@seguritas.com.mx",43,"Futura"
"POL0442","END442",3335.49,203.19,308.76,"AGT005","Vida","Individual",2026-09-06,2026-10-04,2026-09-19,3847.44,"Agente5","agente5@seguritas.com.mx",-15,"En gestión de cobro"
"POL0443","END443",3926.83,60.49,254.24,"AGT011","Autos","Individual",2026-12-13,2026-12-30,2026-12-30,4241.56,"Agente11","agente11@seguritas.com.mx",87,"Futura"
"POL0444","END444",1662.08,174.59,187.7,"AGT017","Autos","Colectiva",2026-08-18,2026-09-12,2026-08-31,2024.37,"Agente17","agente17@seguritas.com.mx",-34,"Morosa"
"POL0445","END445",4465.87,234.88,159.89,"AGT026","GMM","Colectiva",2026-09-04,2026-09-25,2026-09-14,4860.64,"Agente26","agente26@seguritas.com.mx",-20,"En gestión de cobro"
"POL0446","END446",3834.3,238.47,691.68,"AGT023","Vida","Colectiva",2026-11-06,2026-12-01,2026-12-01,4764.45,"Agente23","agente23@seguritas.com.mx",58,"Futura"
"POL0447","END447",4041.6,65.77,320.22,"AGT011","GMM","Individual",2026-09-26,2026-10-12,2026-10-08,4427.59,"Agente11","agente11@seguritas.com.mx",4,"En gestión de cobro"
"POL0448","END448",1588.34,160.62,186.02,"AGT023","GMM","Individual",2026-12-29,2027-01-27,2027-01-14,1934.98,"Agente23","agente23@seguritas.com.mx",102,"Futura"
"POL0449","END449",2432.23,175.17,376.22,"AGT004","Vida","Colectiva",2026-08-08,2026-09-07,2026-08-24,2983.62,"Agente4","agente4@seguritas.com.mx",-41,"Morosa"
"POL0450","END450",3693.33,117.56,527.14,"AGT022","Autos","Colectiva",2026-12-17,2027-01-16,2027-01-10,4338.03,"Agente22","agente22@seguritas.com.mx",98,"Futura"
"POL0451","END451",3095.29,199.7,672.74,"AGT028","Daños","Colectiva",2026-10-13,2026-10-31,2026-10-28,3967.73,"Agente28","agente28@seguritas.com.mx",24,"En gestión de cobro"
"POL0452","END452",2399.21,233.96,371.17,"AGT018","Autos","Individual",2026-11-14,2026-11-29,2026-11-24,3004.34,"Agente18","agente18@seguritas.com.mx",51,"Futura"
"POL0453","END453",1962.12,228.39,237.65,"AGT017","Vida","Individual",2026-12-10,2027-01-05,2026-12-31,2428.16,"Agente17","agente17@seguritas.com.mx",88,"Futura"
"POL0454","END454",1232.77,79.12,652.85,"AGT015","Autos","Individual",2026-08-01,2026-08-17,2026-08-22,1964.74,"Agente15","agente15@seguritas.com.mx",-43,"Morosa"
"POL0455","END455",1946.48,193.78,720.2,"AGT002","Vida","Individual",2026-09-01,2026-09-22,2026-09-25,2860.46,"Agente2","agente2@seguritas.com.mx",-9,"En gestión de cobro"
"POL0456","END456",4560.31,249.53,792.18,"AGT001","Daños","Individual",2026-12-27,2027-01-18,2027-01-12,5602.02,"Agente1","agente1@seguritas.com.mx",100,"Futura"
"POL0457","END457",4247.31,107.96,575.63,"AGT009","Vida","Individual",2026-09-27,2026-10-12,2026-10-17,4930.9,"Agente9","agente9@seguritas.com.mx",13,"En gestión de cobro"
"POL0458","END458",3990.07,231.21,315.12,"AGT003","Vida","Individual",2026-08-13,2026-09-02,2026-09-07,4536.4,"Agente3","agente3@seguritas.com.mx",-27,"En gestión de cobro"
"POL0459","END459",1619.65,259.51,566.95,"AGT004","Vida","Individual",2026-11-01,2026-12-01,2026-11-13,2446.11,"Agente4","agente4@seguritas.com.mx",40,"Futura"
"POL0460","END460",1498.97,79.71,442.9,"AGT022","Autos","Individual",2026-08-31,2026-09-26,2026-09-25,2021.58,"Agente22","agente22@seguritas.com.mx",-9,"En gestión de cobro"
"POL0461","END461",4898.9,289.74,278.02,"AGT022","GMM","Individual",2026-08-05,2026-08-25,2026-08-22,5466.66,"Agente22","agente22@seguritas.com.mx",-43,"Morosa"
"POL0462","END462",2744.52,236.94,544.02,"AGT009","Daños","Individual",2026-08-15,2026-09-11,2026-09-05,3525.48,"Agente9","agente9@seguritas.com.mx",-29,"En gestión de cobro"
"POL0463","END463",2856.07,252.72,783.51,"AGT025","GMM","Individual",2026-10-03,2026-10-26,2026-10-24,3892.3,"Agente25","agente25@seguritas.com.mx",20,"En gestión de cobro"
"POL0464","END464",1661.19,97.48,279.46,"AGT011","GMM","Colectiva",2026-08-01,2026-08-18,2026-08-16,2038.13,"Agente11","agente11@seguritas.com.mx",-49,"Morosa"
"POL0465","END465",3339.75,56.49,432.59,"AGT019","GMM","Individual",2026-09-06,2026-10-03,2026-09-17,3828.83,"Agente19","agente19@seguritas.com.mx",-17,"En gestión de cobro"
"POL0466","END466",2083.11,265.95,370.7,"AGT009","Vida","Individual",2026-08-13,2026-09-02,2026-09-02,2719.76,"Agente9","agente9@seguritas.com.mx",-32,"Morosa"
"POL0467","END467",1920.39,279.79,172.11,"AGT010","Vida","Colectiva",2026-11-23,2026-12-19,2026-12-11,2372.29,"Agente10","agente10@seguritas.com.mx",68,"Futura"
"POL0468","END468",3764.83,84.41,214.48,"AGT016","Vida","Individual",2026-11-15,2026-12-11,2026-11-25,4063.72,"Agente16","agente16@seguritas.com.mx",52,"Futura"
"POL0469","END469",2131.41,169.41,422.5,"AGT012","Vida","Colectiva",2026-11-04,2026-11-20,2026-11-28,2723.32,"Agente12","agente12@seguritas.com.mx",55,"Futura"
"POL0470","END470",4241.59,165.74,180.77,"AGT013","Autos","Individual",2026-12-30,2027-01-18,2027-01-13,4588.1,"Agente13","agente13@seguritas.com.mx",101,"Futura"
"POL0471","END471",1375.67,225.04,167.24,"AGT024","GMM","Colectiva",2026-12-11,2027-01-06,2026-12-30,1767.95,"Agente24","agente24@seguritas.com.mx",87,"Futura"
"POL0472","END472",4288.12,66.39,262.78,"AGT022","Autos","Individual",2026-10-20,2026-11-19,2026-11-03,4617.29,"Agente22","agente22@seguritas.com.mx",30,"En gestión de cobro"
"POL0473","END473",2709.71,233.26,395.76,"AGT028","Autos","Colectiva",2026-12-01,2026-12-18,2026-12-25,3338.73,"Agente28","agente28@seguritas.com.mx",82,"Futura"
"POL0474","END474",4023.55,148.98,532.41,"AGT013","Vida","Individual",2026-12-29,2027-01-24,2027-01-17,4704.94,"Agente13","agente13@seguritas.com.mx",105,"Futura"
"POL0475","END475",3649.54,165.37,368.68,"AGT015","Autos","Colectiva",2026-08-16,2026-09-06,2026-08-30,4183.59,"Agente15","agente15@seguritas.com.mx",-35,"Morosa"
"POL0476","END476",2778.11,231.32,471.46,"AGT023","Vida","Individual",2026-09-01,2026-09-22,2026-09-12,3480.89,"Agente23","agente23@seguritas.com.mx",-22,"En gestión de cobro"
"POL0477","END477",3508.58,167.5,639.01,"AGT004","GMM","Colectiva",2026-11-13,2026-12-09,2026-12-07,4315.09,"Agente4","agente4@seguritas.com.mx",64,"Futura"
"POL0478","END478",1001.86,299.88,259.89,"AGT008","GMM","Colectiva",2026-10-30,2026-11-20,2026-11-14,1561.63,"Agente8","agente8@seguritas.com.mx",41,"Futura"
"POL0479","END479",1868.97,261.48,698.36,"AGT030","Autos","Colectiva",2026-11-03,2026-12-02,2026-11-22,2828.81,"Agente30","agente30@seguritas.com.mx",49,"Futura"
"POL0480","END480",3819.49,257.05,358.2,"AGT010","Vida","Colectiva",2026-12-18,2027-01-07,2027-01-02,4434.74,"Agente10","agente10@seguritas.com.mx",90,"Futura"
"POL0481","END481",1860.67,240.41,302.03,"AGT005","Autos","Individual",2026-10-02,2026-10-25,2026-10-23,2403.11,"Agente5","agente5@seguritas.com.mx",19,"En gestión de cobro"
"POL0482","END482",4255.73,78.03,351.5,"AGT018","Autos","Individual",2026-10-06,2026-11-02,2026-10-25,4685.26,"Agente18","agente18@seguritas.com.mx",21,"En gestión de cobro"
"POL0483","END483",2231.06,259.74,663.44,"AGT014","Daños","Individual",2026-12-18,2027-01-11,2026-12-31,3154.24,"Agente14","agente14@seguritas.com.mx",88,"Futura"
"POL0484","END484",3750.97,253.46,315.43,"AGT006","Autos","Colectiva",2026-12-15,2027-01-09,2027-01-06,4319.86,"Agente6","agente6@seguritas.com.mx",94,"Futura"
"POL0485","END485",4730.72,297.85,749.84,"AGT025","Daños","Individual",2026-09-22,2026-10-11,2026-10-09,5778.41,"Agente25","agente25@seguritas.com.mx",5,"En gestión de cobro"
"POL0486","END486",1463.12,62.08,246.43,"AGT022","Autos","Individual",2026-12-23,2027-01-16,2027-01-04,1771.63,"Agente22","agente22@seguritas.com.mx",92,"Futura"
"POL0487","END487",1510.82,236.7,290.71,"AGT029","Daños","Individual",2026-09-28,2026-10-19,2026-10-21,2038.23,"Agente29","agente29@seguritas.com.mx",17,"En gestión de cobro"
"POL0488","END488",3712.9,154.83,556.96,"AGT019","Autos","Colectiva",2026-08-24,2026-09-09,2026-09-06,4424.69,"Agente19","agente19@seguritas.com.mx",-28,"En gestión de cobro"
"POL0489","END489",2715.79,195.54,317.1,"AGT024","Autos","Individual",2026-08-26,2026-09-23,2026-09-18,3228.43,"Agente24","agente24@seguritas.com.mx",-16,"En gestión de cobro"
"POL0490","END490",4337.6,257.68,609.66,"AGT019","Autos","Individual",2026-12-07,2026-12-26,2026-12-17,5204.94,"Agente19","agente19@seguritas.com.mx",74,"Futura"
"POL0491","END491",4885.75,53.38,632.56,"AGT018","Autos","Colectiva",2026-08-11,2026-09-03,2026-08-27,5571.69,"Agente18","agente18@seguritas.com.mx",-38,"Morosa"
"POL0492","END492",1281.96,52.88,320.53,"AGT006","Vida","Colectiva",2026-10-26,2026-11-13,2026-11-09,1655.37,"Agente6","agente6@seguritas.com.mx",36,"Futura"
"POL0493","END493",2839.14,299.11,522.2,"AGT008","Vida","Colectiva",2026-11-25,2026-12-18,2026-12-09,3660.45,"Agente8","agente8@seguritas.com.mx",66,"Futura"
"POL0494","END494",3806.34,241.42,745.17,"AGT007","Vida","Colectiva",2026-08-03,2026-08-28,2026-08-18,4792.93,"Agente7","agente7@seguritas.com.mx",-47,"Morosa"
"POL0495","END495",1347.76,128.67,610.47,"AGT012","GMM","Individual",2026-10-25,2026-11-11,2026-11-14,2086.9,"Agente12","agente12@seguritas.com.mx",41,"Futura"
"POL0496","END496",4971.78,253,698.83,"AGT004","Autos","Colectiva",2026-09-07,2026-10-03,2026-09-23,5923.61,"Agente4","agente4@seguritas.com.mx",-11,"En gestión de cobro"
"POL0497","END497",2012.4,297.8,747.96,"AGT012","Vida","Individual",2026-12-11,2026-12-26,2026-12-31,3058.16,"Agente12","agente12@seguritas.com.mx",88,"Futura"
"POL0498","END498",1198.15,100.19,341.51,"AGT017","Daños","Individual",2026-12-26,2027-01-18,2027-01-12,1639.85,"Agente17","agente17@seguritas.com.mx",100,"Futura"
"POL0499","END499",3745.3,211.51,572.92,"AGT010","Daños","Colectiva",2026-11-28,2026-12-25,2026-12-09,4529.73,"Agente10","agente10@seguritas.com.mx",66,"Futura"
"POL0500","END500",4147.71,159.39,242.15,"AGT008","Daños","Individual",2026-12-24,2027-01-16,2027-01-12,4549.25,"Agente8","agente8@seguritas.com.mx",100,"Futura"
"POL0501","END501",2414.42,284.51,704.8,"AGT028","Daños","Individual",2026-11-16,2026-12-10,2026-12-10,3403.73,"Agente28","agente28@seguritas.com.mx",67,"Futura"
"POL0502","END502",2465.77,297,582.9,"AGT010","Autos","Individual",2026-08-30,2026-09-22,2026-09-24,3345.67,"Agente10","agente10@seguritas.com.mx",-10,"En gestión de cobro"
"POL0503","END503",2148.4,164.08,626.66,"AGT015","GMM","Colectiva",2026-09-26,2026-10-26,2026-10-12,2939.14,"Agente15","agente15@seguritas.com.mx",8,"En gestión de cobro"
"POL0504","END504",1319.89,107.65,354.58,"AGT010","Autos","Individual",2026-12-06,2027-01-01,2026-12-16,1782.12,"Agente10","agente10@seguritas.com.mx",73,"Futura"
"POL0505","END505",2461.82,223.87,584.02,"AGT029","Autos","Individual",2026-12-29,2027-01-22,2027-01-23,3269.71,"Agente29","agente29@seguritas.com.mx",111,"Futura"
"POL0506","END506",1712.06,189.16,451.53,"AGT011","Autos","Colectiva",2026-11-03,2026-11-18,2026-11-28,2352.75,"Agente11","agente11@seguritas.com.mx",55,"Futura"
"POL0507","END507",3144.21,196.18,572.68,"AGT018","GMM","Individual",2026-09-19,2026-10-08,2026-10-12,3913.07,"Agente18","agente18@seguritas.com.mx",8,"En gestión de cobro"
"POL0508","END508",3015.79,158.41,660.75,"AGT020","Daños","Individual",2026-11-11,2026-12-08,2026-11-30,3834.95,"Agente20","agente20@seguritas.com.mx",57,"Futura"
"POL0509","END509",4780.14,156.54,736.11,"AGT012","Autos","Individual",2026-09-11,2026-09-27,2026-10-03,5672.79,"Agente12","agente12@seguritas.com.mx",-1,"En gestión de cobro"
"POL0510","END510",2365.29,199.21,492.81,"AGT029","Daños","Colectiva",2026-11-20,2026-12-15,2026-12-11,3057.31,"Agente29","agente29@seguritas.com.mx",68,"Futura"
"POL0511","END511",2858.86,163.02,252.77,"AGT029","GMM","Individual",2026-09-30,2026-10-18,2026-10-13,3274.65,"Agente29","agente29@seguritas.com.mx",9,"En gestión de cobro"
"POL0512","END512",1330.12,289.15,325.25,"AGT022","Daños","Individual",2026-11-28,2026-12-15,2026-12-22,1944.52,"Agente22","agente22@seguritas.com.mx",79,"Futura"
"POL0513","END513",4440.43,261.11,237.45,"AGT002","Autos","Individual",2026-09-07,2026-09-27,2026-09-23,4938.99,"Agente2","agente2@seguritas.com.mx",-11,"En gestión de cobro"
"POL0514","END514",2582.64,105.69,304.41,"AGT001","GMM","Colectiva",2026-08-09,2026-09-03,2026-08-26,2992.74,"Agente1","agente1@seguritas.com.mx",-39,"Morosa"
"POL0515","END515",3943.6,155.04,619.99,"AGT021","Vida","Colectiva",2026-09-26,2026-10-25,2026-10-21,4718.63,"Agente21","agente21@seguritas.com.mx",17,"En gestión de cobro"
"POL0516","END516",1686.97,155,557.63,"AGT019","Daños","Colectiva",2026-11-25,2026-12-24,2026-12-15,2399.6,"Agente19","agente19@seguritas.com.mx",72,"Futura"
"POL0517","END517",2819.05,55.2,444.04,"AGT015","GMM","Colectiva",2026-10-10,2026-10-26,2026-10-25,3318.29,"Agente15","agente15@seguritas.com.mx",21,"En gestión de cobro"
"POL0518","END518",4080.82,145.11,562.3,"AGT013","Daños","Colectiva",2026-08-30,2026-09-15,2026-09-11,4788.23,"Agente13","agente13@seguritas.com.mx",-23,"En gestión de cobro"
"POL0519","END519",1250.6,155.59,494.17,"AGT006","GMM","Colectiva",2026-12-14,2027-01-05,2026-12-30,1900.36,"Agente6","agente6@seguritas.com.mx",87,"Futura"
"POL0520","END520",4260.33,97.86,364.57,"AGT003","GMM","Colectiva",2026-11-29,2026-12-15,2026-12-10,4722.76,"Agente3","agente3@seguritas.com.mx",67,"Futura"
"POL0521","END521",2204.57,226.33,650.98,"AGT026","Vida","Individual",2026-12-27,2027-01-23,2027-01-12,3081.88,"Agente26","agente26@seguritas.com.mx",100,"Futura"
"POL0522","END522",2458.68,53.38,562.74,"AGT011","Autos","Colectiva",2026-10-05,2026-10-23,2026-10-24,3074.8,"Agente11","agente11@seguritas.com.mx",20,"En gestión de cobro"
"POL0523","END523",2248.45,232.8,653.34,"AGT025","GMM","Colectiva",2026-12-01,2026-12-26,2026-12-19,3134.59,"Agente25","agente25@seguritas.com.mx",76,"Futura"
"POL0524","END524",1149.48,158.18,266.25,"AGT004","Autos","Individual",2026-12-06,2026-12-27,2026-12-25,1573.91,"Agente4","agente4@seguritas.com.mx",82,"Futura"
"POL0525","END525",3075.22,232.81,407.66,"AGT010","GMM","Colectiva",2026-12-30,2027-01-15,2027-01-18,3715.69,"Agente10","agente10@seguritas.com.mx",106,"Futura"
"POL0526","END526",3716.05,53.49,775.77,"AGT015","GMM","Individual",2026-10-31,2026-11-17,2026-11-19,4545.31,"Agente15","agente15@seguritas.com.mx",46,"Futura"
"POL0527","END527",4612.93,61.33,395.25,"AGT003","Daños","Individual",2026-10-28,2026-11-21,2026-11-21,5069.51,"Agente3","agente3@seguritas.com.mx",48,"Futura"
"POL0528","END528",1102.11,154.6,200.41,"AGT004","GMM","Colectiva",2026-11-22,2026-12-10,2026-12-04,1457.12,"Agente4","agente4@seguritas.com.mx",61,"Futura"
"POL0529","END529",4956.31,210.96,494.07,"AGT006","Vida","Individual",2026-11-15,2026-12-07,2026-11-25,5661.34,"Agente6","agente6@seguritas.com.mx",52,"Futura"
"POL0530","END530",2211.55,104.95,767.32,"AGT015","Vida","Individual",2026-12-16,2027-01-01,2027-01-10,3083.82,"Agente15","agente15@seguritas.com.mx",98,"Futura"
"POL0531","END531",4756.55,258.36,706.47,"AGT022","Autos","Colectiva",2026-09-06,2026-09-23,2026-09-29,5721.38,"Agente22","agente22@seguritas.com.mx",-5,"En gestión de cobro"
"POL0532","END532",3750.43,223.69,507.13,"AGT007","Vida","Colectiva",2026-10-13,2026-11-08,2026-11-05,4481.25,"Agente7","agente7@seguritas.com.mx",32,"Futura"
"POL0533","END533",2788.15,274.78,582.22,"AGT002","Vida","Colectiva",2026-11-27,2026-12-27,2026-12-09,3645.15,"Agente2","agente2@seguritas.com.mx",66,"Futura"
"POL0534","END534",4265.91,153.56,475.29,"AGT024","Vida","Colectiva",2026-11-24,2026-12-13,2026-12-19,4894.76,"Agente24","agente24@seguritas.com.mx",76,"Futura"
"POL0535","END535",1158,152.75,750.65,"AGT020","GMM","Colectiva",2026-08-23,2026-09-09,2026-09-14,2061.4,"Agente20","agente20@seguritas.com.mx",-20,"En gestión de cobro"
"POL0536","END536",3956.13,112.5,209.75,"AGT017","Daños","Individual",2026-08-28,2026-09-27,2026-09-15,4278.38,"Agente17","agente17@seguritas.com.mx",-19,"En gestión de cobro"
"POL0537","END537",2394.88,143.44,473.02,"AGT013","Autos","Individual",2026-10-31,2026-11-25,2026-11-17,3011.34,"Agente13","agente13@seguritas.com.mx",44,"Futura"
"POL0538","END538",4317,107.97,658.45,"AGT024","Vida","Colectiva",2026-09-06,2026-09-29,2026-09-25,5083.42,"Agente24","agente24@seguritas.com.mx",-9,"En gestión de cobro"
"POL0539","END539",3142.17,282.9,715.4,"AGT006","Vida","Individual",2026-12-02,2026-12-31,2026-12-20,4140.47,"Agente6","agente6@seguritas.com.mx",77,"Futura"
"POL0540","END540",2098.18,169.09,736.01,"AGT002","GMM","Colectiva",2026-10-25,2026-11-19,2026-11-10,3003.28,"Agente2","agente2@seguritas.com.mx",37,"Futura"
"POL0541","END541",4203.79,61.92,677.4,"AGT030","GMM","Colectiva",2026-10-04,2026-10-25,2026-10-23,4943.11,"Agente30","agente30@seguritas.com.mx",19,"En gestión de cobro"
"POL0542","END542",1366.58,243.38,249.92,"AGT012","Vida","Colectiva",2026-12-10,2027-01-03,2026-12-20,1859.88,"Agente12","agente12@seguritas.com.mx",77,"Futura"
"POL0543","END543",4328.43,132.78,624.34,"AGT026","Autos","Colectiva",2026-09-05,2026-09-29,2026-09-15,5085.55,"Agente26","agente26@seguritas.com.mx",-19,"En gestión de cobro"
"POL0544","END544",2107.42,188.22,643.68,"AGT026","Autos","Colectiva",2026-12-27,2027-01-25,2027-01-06,2939.32,"Agente26","agente26@seguritas.com.mx",94,"Futura"
"POL0545","END545",4012.44,219.08,579.53,"AGT009","GMM","Colectiva",2026-11-12,2026-11-30,2026-12-04,4811.05,"Agente9","agente9@seguritas.com.mx",61,"Futura"
"POL0546","END546",4856.61,119.33,740.22,"AGT009","Autos","Individual",2026-10-19,2026-11-04,2026-11-04,5716.16,"Agente9","agente9@seguritas.com.mx",31,"Futura"
"POL0547","END547",1325.87,63.21,403.36,"AGT027","Autos","Colectiva",2026-11-03,2026-12-01,2026-11-16,1792.44,"Agente27","agente27@seguritas.com.mx",43,"Futura"
"POL0548","END548",4417.46,156.44,772.04,"AGT012","Vida","Colectiva",2026-08-22,2026-09-07,2026-09-09,5345.94,"Agente12","agente12@seguritas.com.mx",-25,"En gestión de cobro"
"POL0549","END549",4208.95,202.53,446.78,"AGT019","Daños","Individual",2026-10-28,2026-11-13,2026-11-13,4858.26,"Agente19","agente19@seguritas.com.mx",40,"Futura"
"POL0550","END550",2540.69,294.01,276.76,"AGT002","GMM","Individual",2026-11-09,2026-11-29,2026-11-20,3111.46,"Agente2","agente2@seguritas.com.mx",47,"Futura"
"POL0551","END551",2310.39,292.45,533.97,"AGT006","Autos","Colectiva",2026-12-22,2027-01-15,2027-01-01,3136.81,"Agente6","agente6@seguritas.com.mx",89,"Futura"
"POL0552","END552",1819.75,72.12,251.01,"AGT028","Autos","Individual",2026-09-12,2026-10-02,2026-09-26,2142.88,"Agente28","agente28@seguritas.com.mx",-8,"En gestión de cobro"
"POL0553","END553",3277.53,174.6,487.67,"AGT011","GMM","Individual",2026-10-18,2026-11-10,2026-11-12,3939.8,"Agente11","agente11@seguritas.com.mx",39,"Futura"
"POL0554","END554",4552.22,148.92,418.35,"AGT009","Daños","Colectiva",2026-11-15,2026-12-02,2026-11-30,5119.49,"Agente9","agente9@seguritas.com.mx",57,"Futura"
"POL0555","END555",3118.86,147.58,687.69,"AGT019","Vida","Individual",2026-10-23,2026-11-19,2026-11-09,3954.13,"Agente19","agente19@seguritas.com.mx",36,"Futura"
"POL0556","END556",3347.83,129.62,516.01,"AGT014","Daños","Colectiva",2026-12-20,2027-01-15,2026-12-30,3993.46,"Agente14","agente14@seguritas.com.mx",87,"Futura"
"POL0557","END557",3662.94,220.64,446.71,"AGT024","Vida","Individual",2026-08-09,2026-08-28,2026-08-23,4330.29,"Agente24","agente24@seguritas.com.mx",-42,"Morosa"
"POL0558","END558",3119.57,121.15,275.03,"AGT012","Vida","Colectiva",2026-10-31,2026-11-23,2026-11-17,3515.75,"Agente12","agente12@seguritas.com.mx",44,"Futura"
"POL0559","END559",3039.37,147.52,456.77,"AGT001","Daños","Colectiva",2026-12-04,2026-12-26,2026-12-20,3643.66,"Agente1","agente1@seguritas.com.mx",77,"Futura"
"POL0560","END560",1064.64,297.54,301.13,"AGT027","Vida","Colectiva",2026-11-27,2026-12-25,2026-12-16,1663.31,"Agente27","agente27@seguritas.com.mx",73,"Futura"
"POL0561","END561",1190.84,248,354.15,"AGT002","Daños","Colectiva",2026-08-20,2026-09-13,2026-09-12,1792.99,"Agente2","agente2@seguritas.com.mx",-22,"En gestión de cobro"
"POL0562","END562",4717.4,128.1,713.45,"AGT018","Vida","Colectiva",2026-09-07,2026-09-24,2026-09-21,5558.95,"Agente18","agente18@seguritas.com.mx",-13,"En gestión de cobro"
"POL0563","END563",4077.14,254.28,439.24,"AGT007","Vida","Individual",2026-09-22,2026-10-14,2026-10-17,4770.66,"Agente7","agente7@seguritas.com.mx",13,"En gestión de cobro"
"POL0564","END564",1804.32,105.23,432.05,"AGT028","Vida","Colectiva",2026-12-31,2027-01-19,2027-01-17,2341.6,"Agente28","agente28@seguritas.com.mx",105,"Futura"
"POL0565","END565",3601.05,175.27,457.18,"AGT005","Vida","Individual",2026-12-18,2027-01-16,2026-12-29,4233.5,"Agente5","agente5@seguritas.com.mx",86,"Futura"
"POL0566","END566",3615.07,91.74,691.71,"AGT015","Autos","Colectiva",2026-11-09,2026-11-25,2026-12-02,4398.52,"Agente15","agente15@seguritas.com.mx",59,"Futura"
"POL0567","END567",2581.02,79.91,156.72,"AGT029","Daños","Individual",2026-10-20,2026-11-15,2026-11-03,2817.65,"Agente29","agente29@seguritas.com.mx",30,"En gestión de cobro"
"POL0568","END568",4249.22,274.4,350.93,"AGT022","GMM","Colectiva",2026-11-07,2026-11-22,2026-11-29,4874.55,"Agente22","agente22@seguritas.com.mx",56,"Futura"
"POL0569","END569",3188.09,73.43,206,"AGT021","Vida","Individual",2026-10-30,2026-11-14,2026-11-09,3467.52,"Agente21","agente21@seguritas.com.mx",36,"Futura"
"POL0570","END570",4540.53,266.26,684.95,"AGT005","Daños","Colectiva",2026-11-19,2026-12-18,2026-12-04,5491.74,"Agente5","agente5@seguritas.com.mx",61,"Futura"
"POL0571","END571",3213.26,119.15,456.22,"AGT012","GMM","Colectiva",2026-12-03,2026-12-20,2026-12-28,3788.63,"Agente12","agente12@seguritas.com.mx",85,"Futura"
"POL0572","END572",4624.19,56.82,496.02,"AGT004","Autos","Colectiva",2026-12-04,2026-12-30,2026-12-17,5177.03,"Agente4","agente4@seguritas.com.mx",74,"Futura"
"POL0573","END573",3349.85,246.85,407.01,"AGT029","Vida","Individual",2026-11-19,2026-12-06,2026-12-01,4003.71,"Agente29","agente29@seguritas.com.mx",58,"Futura"
"POL0574","END574",2693.85,139.67,445.38,"AGT004","Daños","Colectiva",2026-08-06,2026-08-27,2026-08-27,3278.9,"Agente4","agente4@seguritas.com.mx",-38,"Morosa"
"POL0575","END575",4798.34,56.28,224.69,"AGT008","Vida","Colectiva",2026-10-07,2026-11-05,2026-10-23,5079.31,"Agente8","agente8@seguritas.com.mx",19,"En gestión de cobro"
"POL0576","END576",3836.15,236.52,170.21,"AGT025","Autos","Colectiva",2026-09-12,2026-10-06,2026-09-29,4242.88,"Agente25","agente25@seguritas.com.mx",-5,"En gestión de cobro"
"POL0577","END577",2653.22,57.41,165.09,"AGT001","Vida","Colectiva",2026-12-21,2027-01-19,2027-01-04,2875.72,"Agente1","agente1@seguritas.com.mx",92,"Futura"
"POL0578","END578",1073.46,158.47,200.39,"AGT026","GMM","Individual",2026-09-02,2026-09-27,2026-09-19,1432.32,"Agente26","agente26@seguritas.com.mx",-15,"En gestión de cobro"
"POL0579","END579",3266.94,114.16,385,"AGT020","GMM","Individual",2026-08-01,2026-08-30,2026-08-23,3766.1,"Agente20","agente20@seguritas.com.mx",-42,"Morosa"
"POL0580","END580",2960.25,174.5,644.92,"AGT016","GMM","Individual",2026-11-03,2026-11-25,2026-11-13,3779.67,"Agente16","agente16@seguritas.com.mx",40,"Futura"
"POL0581","END581",4514.7,213.34,633.13,"AGT015","GMM","Colectiva",2026-11-16,2026-12-04,2026-11-30,5361.17,"Agente15","agente15@seguritas.com.mx",57,"Futura"
"POL0582","END582",4251.41,70.91,213.5,"AGT014","Daños","Individual",2026-12-02,2026-12-17,2026-12-19,4535.82,"Agente14","agente14@seguritas.com.mx",76,"Futura"
"POL0583","END583",4416.4,95.12,775.24,"AGT010","GMM","Colectiva",2026-10-05,2026-10-20,2026-10-27,5286.76,"Agente10","agente10@seguritas.com.mx",23,"En gestión de cobro"
"POL0584","END584",2471.58,76.12,243.08,"AGT028","Autos","Individual",2026-11-06,2026-11-28,2026-11-27,2790.78,"Agente28","agente28@seguritas.com.mx",54,"Futura"
"POL0585","END585",4495.8,253.1,465.03,"AGT016","Autos","Individual",2026-09-20,2026-10-08,2026-10-06,5213.93,"Agente16","agente16@seguritas.com.mx",2,"En gestión de cobro"
"POL0586","END586",1605.35,206.88,517.19,"AGT014","GMM","Colectiva",2026-08-14,2026-09-12,2026-08-28,2329.42,"Agente14","agente14@seguritas.com.mx",-37,"Morosa"
"POL0587","END587",2127.25,207.64,756,"AGT029","GMM","Individual",2026-12-18,2027-01-10,2027-01-03,3090.89,"Agente29","agente29@seguritas.com.mx",91,"Futura"
"POL0588","END588",3666.82,147.72,683.02,"AGT013","Autos","Individual",2026-09-16,2026-10-15,2026-10-03,4497.56,"Agente13","agente13@seguritas.com.mx",-1,"En gestión de cobro"
"POL0589","END589",4909.53,158.06,496.5,"AGT008","Vida","Individual",2026-10-03,2026-11-01,2026-10-22,5564.09,"Agente8","agente8@seguritas.com.mx",18,"En gestión de cobro"
"POL0590","END590",3330.96,137.16,399.9,"AGT027","Autos","Colectiva",2026-08-17,2026-09-03,2026-08-29,3868.02,"Agente27","agente27@seguritas.com.mx",-36,"Morosa"
"POL0591","END591",3106.36,248.39,504.89,"AGT018","GMM","Individual",2026-11-23,2026-12-17,2026-12-13,3859.64,"Agente18","agente18@seguritas.com.mx",70,"Futura"
"POL0592","END592",1243.13,271.73,667.87,"AGT024","Daños","Colectiva",2026-09-13,2026-09-29,2026-10-08,2182.73,"Agente24","agente24@seguritas.com.mx",4,"En gestión de cobro"
"POL0593","END593",4876.16,212.78,557.77,"AGT015","Autos","Individual",2026-12-01,2026-12-25,2026-12-23,5646.71,"Agente15","agente15@seguritas.com.mx",80,"Futura"
"POL0594","END594",1480.95,198.22,217.57,"AGT023","Daños","Individual",2026-12-13,2027-01-05,2026-12-30,1896.74,"Agente23","agente23@seguritas.com.mx",87,"Futura"
"POL0595","END595",1353.45,131.96,274.8,"AGT002","GMM","Colectiva",2026-11-01,2026-11-20,2026-11-12,1760.21,"Agente2","agente2@seguritas.com.mx",39,"Futura"
"POL0596","END596",4523.06,68.92,697.37,"AGT021","GMM","Colectiva",2026-12-21,2027-01-12,2027-01-03,5289.35,"Agente21","agente21@seguritas.com.mx",91,"Futura"
"POL0597","END597",3033.48,197.85,461.59,"AGT025","Vida","Individual",2026-10-18,2026-11-06,2026-11-03,3692.92,"Agente25","agente25@seguritas.com.mx",30,"En gestión de cobro"
"POL0598","END598",2349.98,94.58,655.22,"AGT026","Autos","Colectiva",2026-12-19,2027-01-12,2027-01-05,3099.78,"Agente26","agente26@seguritas.com.mx",93,"Futura"
"POL0599","END599",4577.34,235.34,681.82,"AGT026","Vida","Individual",2026-12-01,2026-12-26,2026-12-14,5494.5,"Agente26","agente26@seguritas.com.mx",71,"Futura"
"POL0600","END600",1127.89,123.47,343.01,"AGT011","Autos","Individual",2026-12-11,2026-12-27,2026-12-21,1594.37,"Agente11","agente11@seguritas.com.mx",78,"Futura"
"POL0601","END601",1948.92,209.8,297.36,"AGT001","GMM","Individual",2026-12-21,2027-01-19,2027-01-02,2456.08,"Agente1","agente1@seguritas.com.mx",90,"Futura"
"POL0602","END602",3745.96,81.21,553.23,"AGT022","Daños","Colectiva",2026-09-30,2026-10-17,2026-10-18,4380.4,"Agente22","agente22@seguritas.com.mx",14,"En gestión de cobro"
"POL0603","END603",1903.27,113.82,393.02,"AGT013","Daños","Colectiva",2026-12-20,2027-01-06,2027-01-03,2410.11,"Agente13","agente13@seguritas.com.mx",91,"Futura"
"POL0604","END604",2273.98,255.14,725.88,"AGT008","Autos","Individual",2026-12-08,2026-12-30,2027-01-02,3255,"Agente8","agente8@seguritas.com.mx",90,"Futura"
"POL0605","END605",1695.94,250.95,231.6,"AGT008","GMM","Individual",2026-09-05,2026-09-26,2026-09-17,2178.49,"Agente8","agente8@seguritas.com.mx",-17,"En gestión de cobro"
"POL0606","END606",4205.72,61.46,252.7,"AGT018","Autos","Colectiva",2026-11-05,2026-11-27,2026-11-21,4519.88,"Agente18","agente18@seguritas.com.mx",48,"Futura"
"POL0607","END607",1585.13,268.88,565,"AGT007","GMM","Colectiva",2026-08-23,2026-09-17,2026-09-17,2419.01,"Agente7","agente7@seguritas.com.mx",-17,"En gestión de cobro"
"POL0608","END608",4290.87,82,270.98,"AGT024","GMM","Colectiva",2026-12-19,2027-01-13,2027-01-02,4643.85,"Agente24","agente24@seguritas.com.mx",90,"Futura"
"POL0609","END609",2323.99,202.21,581.93,"AGT013","Daños","Individual",2026-12-21,2027-01-18,2027-01-11,3108.13,"Agente13","agente13@seguritas.com.mx",99,"Futura"
"POL0610","END610",2496.68,167.39,482.82,"AGT015","Autos","Colectiva",2026-12-21,2027-01-08,2027-01-06,3146.89,"Agente15","agente15@seguritas.com.mx",94,"Futura"
"POL0611","END611",3518.98,189.32,632.05,"AGT008","GMM","Colectiva",2026-12-26,2027-01-14,2027-01-09,4340.35,"Agente8","agente8@seguritas.com.mx",97,"Futura"
"POL0612","END612",1386.53,232.6,368.73,"AGT026","Daños","Individual",2026-12-26,2027-01-10,2027-01-12,1987.86,"Agente26","agente26@seguritas.com.mx",100,"Futura"
"POL0613","END613",1087.97,167.46,222.32,"AGT016","Autos","Individual",2026-08-22,2026-09-19,2026-09-03,1477.75,"Agente16","agente16@seguritas.com.mx",-31,"Morosa"
"POL0614","END614",4972.18,297.15,411.49,"AGT014","Vida","Colectiva",2026-11-26,2026-12-15,2026-12-09,5680.82,"Agente14","agente14@seguritas.com.mx",66,"Futura"
"POL0615","END615",3335.76,296.17,502.75,"AGT024","Autos","Individual",2026-09-28,2026-10-21,2026-10-22,4134.68,"Agente24","agente24@seguritas.com.mx",18,"En gestión de cobro"
"POL0616","END616",4127.29,148.32,631.17,"AGT016","Vida","Individual",2026-12-30,2027-01-20,2027-01-13,4906.78,"Agente16","agente16@seguritas.com.mx",101,"Futura"
"POL0617","END617",4567.58,202.21,262.17,"AGT012","Vida","Individual",2026-10-16,2026-11-15,2026-11-07,5031.96,"Agente12","agente12@seguritas.com.mx",34,"Futura"
"POL0618","END618",4019.46,136.37,531.22,"AGT016","GMM","Colectiva",2026-08-10,2026-08-30,2026-09-04,4687.05,"Agente16","agente16@seguritas.com.mx",-30,"Morosa"
"POL0619","END619",4916.81,159.28,474.9,"AGT011","Daños","Individual",2026-10-03,2026-10-18,2026-10-28,5550.99,"Agente11","agente11@seguritas.com.mx",24,"En gestión de cobro"
"POL0620","END620",1176.59,107.28,758.63,"AGT005","GMM","Colectiva",2026-10-09,2026-11-02,2026-10-26,2042.5,"Agente5","agente5@seguritas.com.mx",22,"En gestión de cobro"
"POL0621","END621",4613.6,51.52,741.7,"AGT004","Vida","Colectiva",2026-08-31,2026-09-29,2026-09-20,5406.82,"Agente4","agente4@seguritas.com.mx",-14,"En gestión de cobro"
"POL0622","END622",4462,55.97,249.39,"AGT026","GMM","Individual",2026-09-27,2026-10-12,2026-10-17,4767.36,"Agente26","agente26@seguritas.com.mx",13,"En gestión de cobro"
"POL0623","END623",4101.63,64.69,349.74,"AGT025","Daños","Individual",2026-09-29,2026-10-21,2026-10-22,4516.06,"Agente25","agente25@seguritas.com.mx",18,"En gestión de cobro"
"POL0624","END624",2507.27,241.14,603.89,"AGT014","Vida","Individual",2026-12-27,2027-01-23,2027-01-12,3352.3,"Agente14","agente14@seguritas.com.mx",100,"Futura"
"POL0625","END625",1168.43,167.26,646.09,"AGT008","Daños","Individual",2026-09-06,2026-09-30,2026-09-20,1981.78,"Agente8","agente8@seguritas.com.mx",-14,"En gestión de cobro"
"POL0626","END626",2457.64,262.71,481.42,"AGT022","Autos","Colectiva",2026-12-06,2027-01-03,2026-12-21,3201.77,"Agente22","agente22@seguritas.com.mx",78,"Futura"
"POL0627","END627",2095.01,195.43,297.37,"AGT015","Autos","Individual",2026-10-02,2026-10-21,2026-10-19,2587.81,"Agente15","agente15@seguritas.com.mx",15,"En gestión de cobro"
"POL0628","END628",4401.87,96.72,257.81,"AGT030","GMM","Colectiva",2026-12-28,2027-01-19,2027-01-18,4756.4,"Agente30","agente30@seguritas.com.mx",106,"Futura"
"POL0629","END629",2449.61,202.27,355.49,"AGT011","Daños","Individual",2026-09-15,2026-10-01,2026-10-05,3007.37,"Agente11","agente11@seguritas.com.mx",1,"En gestión de cobro"
"POL0630","END630",2217.91,273.34,179.21,"AGT024","GMM","Colectiva",2026-11-26,2026-12-21,2026-12-09,2670.46,"Agente24","agente24@seguritas.com.mx",66,"Futura"
"POL0631","END631",4036.54,248.58,585.22,"AGT020","Vida","Colectiva",2026-12-24,2027-01-13,2027-01-17,4870.34,"Agente20","agente20@seguritas.com.mx",105,"Futura"
"POL0632","END632",4379.34,176.02,635.08,"AGT010","Daños","Individual",2026-08-05,2026-09-01,2026-08-18,5190.44,"Agente10","agente10@seguritas.com.mx",-47,"Morosa"
"POL0633","END633",2831.69,155.76,311.55,"AGT019","Vida","Colectiva",2026-09-25,2026-10-23,2026-10-16,3299,"Agente19","agente19@seguritas.com.mx",12,"En gestión de cobro"
"POL0634","END634",3918.53,213.6,453.52,"AGT005","Autos","Individual",2026-08-17,2026-09-07,2026-09-09,4585.65,"Agente5","agente5@seguritas.com.mx",-25,"En gestión de cobro"
"POL0635","END635",1416.31,271.93,178.79,"AGT001","Autos","Colectiva",2026-12-03,2026-12-28,2026-12-16,1867.03,"Agente1","agente1@seguritas.com.mx",73,"Futura"
"POL0636","END636",1879.93,273,213.87,"AGT012","Daños","Individual",2026-09-03,2026-09-29,2026-09-25,2366.8,"Agente12","agente12@seguritas.com.mx",-9,"En gestión de cobro"
"POL0637","END637",4815.8,94.6,733.11,"AGT018","GMM","Colectiva",2026-12-10,2027-01-04,2026-12-29,5643.51,"Agente18","agente18@seguritas.com.mx",86,"Futura"
"POL0638","END638",4008.15,114.38,549.85,"AGT006","Daños","Individual",2026-11-04,2026-11-25,2026-11-22,4672.38,"Agente6","agente6@seguritas.com.mx",49,"Futura"
"POL0639","END639",4275.82,78.36,566.46,"AGT019","Autos","Colectiva",2026-08-27,2026-09-22,2026-09-19,4920.64,"Agente19","agente19@seguritas.com.mx",-15,"En gestión de cobro"
"POL0640","END640",2671.11,249.29,449.65,"AGT015","GMM","Colectiva",2026-08-08,2026-08-23,2026-08-27,3370.05,"Agente15","agente15@seguritas.com.mx",-38,"Morosa"
"POL0641","END641",3375.35,77.38,331.83,"AGT018","Autos","Individual",2026-10-06,2026-10-28,2026-10-16,3784.56,"Agente18","agente18@seguritas.com.mx",12,"En gestión de cobro"
"POL0642","END642",4195.29,257.27,764.22,"AGT024","Autos","Colectiva",2026-08-04,2026-08-30,2026-08-23,5216.78,"Agente24","agente24@seguritas.com.mx",-42,"Morosa"
"POL0643","END643",4553.63,242.76,165,"AGT010","GMM","Colectiva",2026-10-13,2026-11-05,2026-11-05,4961.39,"Agente10","agente10@seguritas.com.mx",32,"Futura"
"POL0644","END644",2540.77,285.92,265.25,"AGT001","GMM","Individual",2026-10-21,2026-11-09,2026-11-08,3091.94,"Agente1","agente1@seguritas.com.mx",35,"Futura"
"POL0645","END645",1361.29,166.74,781.43,"AGT026","GMM","Individual",2026-08-24,2026-09-08,2026-09-12,2309.46,"Agente26","agente26@seguritas.com.mx",-22,"En gestión de cobro"
"POL0646","END646",3502.97,284.96,669.83,"AGT030","Vida","Colectiva",2026-08-05,2026-08-24,2026-08-18,4457.76,"Agente30","agente30@seguritas.com.mx",-47,"Morosa"
"POL0647","END647",3982.54,246.3,799.77,"AGT029","Vida","Colectiva",2026-10-08,2026-10-27,2026-10-28,5028.61,"Agente29","agente29@seguritas.com.mx",24,"En gestión de cobro"
"POL0648","END648",1341.51,268.65,319.48,"AGT030","Daños","Colectiva",2026-11-01,2026-11-20,2026-11-18,1929.64,"Agente30","agente30@seguritas.com.mx",45,"Futura"
"POL0649","END649",2202.07,148.62,528.42,"AGT006","Vida","Individual",2026-08-17,2026-09-03,2026-09-02,2879.11,"Agente6","agente6@seguritas.com.mx",-32,"Morosa"
"POL0650","END650",3458.25,74.92,196.99,"AGT008","Vida","Individual",2026-12-28,2027-01-18,2027-01-20,3730.16,"Agente8","agente8@seguritas.com.mx",108,"Futura"
"POL0651","END651",4011.73,119.24,671.48,"AGT027","Autos","Individual",2026-10-04,2026-10-24,2026-10-15,4802.45,"Agente27","agente27@seguritas.com.mx",11,"En gestión de cobro"
"POL0652","END652",4668.23,230.56,722.37,"AGT021","Daños","Individual",2026-08-14,2026-09-03,2026-08-25,5621.16,"Agente21","agente21@seguritas.com.mx",-40,"Morosa"
"POL0653","END653",2903,139.08,728.26,"AGT025","Autos","Colectiva",2026-12-18,2027-01-03,2027-01-03,3770.34,"Agente25","agente25@seguritas.com.mx",91,"Futura"
"POL0654","END654",3268.48,145.68,157.36,"AGT009","GMM","Individual",2026-09-15,2026-10-03,2026-10-02,3571.52,"Agente9","agente9@seguritas.com.mx",-2,"En gestión de cobro"
"POL0655","END655",3946.48,57.99,306.91,"AGT018","Daños","Colectiva",2026-10-31,2026-11-20,2026-11-19,4311.38,"Agente18","agente18@seguritas.com.mx",46,"Futura"
"POL0656","END656",4429.79,180.36,544.72,"AGT015","GMM","Individual",2026-09-20,2026-10-09,2026-10-12,5154.87,"Agente15","agente15@seguritas.com.mx",8,"En gestión de cobro"
"POL0657","END657",4636.59,80.27,385.77,"AGT008","Vida","Individual",2026-12-21,2027-01-18,2027-01-05,5102.63,"Agente8","agente8@seguritas.com.mx",93,"Futura"
"POL0658","END658",1225.53,271.3,610.99,"AGT022","Vida","Colectiva",2026-12-25,2027-01-09,2027-01-11,2107.82,"Agente22","agente22@seguritas.com.mx",99,"Futura"
"POL0659","END659",3011.63,68.66,177.35,"AGT030","Autos","Colectiva",2026-08-25,2026-09-14,2026-09-04,3257.64,"Agente30","agente30@seguritas.com.mx",-30,"Morosa"
"POL0660","END660",2402.18,246.06,577.16,"AGT022","Daños","Colectiva",2026-08-21,2026-09-08,2026-09-14,3225.4,"Agente22","agente22@seguritas.com.mx",-20,"En gestión de cobro"
"POL0661","END661",4382.22,263.53,299.95,"AGT005","GMM","Colectiva",2026-10-28,2026-11-20,2026-11-13,4945.7,"Agente5","agente5@seguritas.com.mx",40,"Futura"
"POL0662","END662",4225.74,59.29,327.44,"AGT028","Autos","Colectiva",2026-10-18,2026-11-09,2026-10-30,4612.47,"Agente28","agente28@seguritas.com.mx",26,"En gestión de cobro"
"POL0663","END663",1469.32,118.79,626.56,"AGT018","GMM","Individual",2026-11-01,2026-11-17,2026-11-12,2214.67,"Agente18","agente18@seguritas.com.mx",39,"Futura"
"POL0664","END664",3850.75,210.52,265.87,"AGT008","GMM","Individual",2026-11-12,2026-11-29,2026-12-05,4327.14,"Agente8","agente8@seguritas.com.mx",62,"Futura"
"POL0665","END665",1941.08,246.27,400.66,"AGT020","Autos","Colectiva",2026-12-24,2027-01-14,2027-01-16,2588.01,"Agente20","agente20@seguritas.com.mx",104,"Futura"
"POL0666","END666",1299.83,150.02,594.83,"AGT020","Daños","Colectiva",2026-12-14,2027-01-13,2026-12-29,2044.68,"Agente20","agente20@seguritas.com.mx",86,"Futura"
"POL0667","END667",4742.58,283.83,419.87,"AGT004","Daños","Colectiva",2026-09-18,2026-10-09,2026-10-12,5446.28,"Agente4","agente4@seguritas.com.mx",8,"En gestión de cobro"
"POL0668","END668",1628.67,147.63,502.41,"AGT009","GMM","Colectiva",2026-11-27,2026-12-18,2026-12-15,2278.71,"Agente9","agente9@seguritas.com.mx",72,"Futura"
"POL0669","END669",3588.23,155.99,445.87,"AGT011","GMM","Colectiva",2026-12-06,2026-12-29,2026-12-25,4190.09,"Agente11","agente11@seguritas.com.mx",82,"Futura"
"POL0670","END670",1694.07,121.61,232.59,"AGT024","GMM","Colectiva",2026-09-18,2026-10-10,2026-10-10,2048.27,"Agente24","agente24@seguritas.com.mx",6,"En gestión de cobro"
"POL0671","END671",1080.3,202.94,170.27,"AGT016","Daños","Individual",2026-09-12,2026-09-29,2026-09-30,1453.51,"Agente16","agente16@seguritas.com.mx",-4,"En gestión de cobro"
"POL0672","END672",3085.26,189.7,257.67,"AGT010","Autos","Colectiva",2026-12-04,2027-01-01,2026-12-29,3532.63,"Agente10","agente10@seguritas.com.mx",86,"Futura"
"POL0673","END673",1345.11,59.99,669.27,"AGT004","GMM","Individual",2026-11-05,2026-11-25,2026-11-22,2074.37,"Agente4","agente4@seguritas.com.mx",49,"Futura"
"POL0674","END674",2132.01,236.32,242.55,"AGT001","Daños","Individual",2026-11-08,2026-11-25,2026-11-24,2610.88,"Agente1","agente1@seguritas.com.mx",51,"Futura"
"POL0675","END675",2681.74,101.62,198.39,"AGT011","Vida","Colectiva",2026-12-20,2027-01-16,2027-01-03,2981.75,"Agente11","agente11@seguritas.com.mx",91,"Futura"
"POL0676","END676",3349.11,214.12,168.57,"AGT002","Vida","Individual",2026-10-20,2026-11-07,2026-11-11,3731.8,"Agente2","agente2@seguritas.com.mx",38,"Futura"
"POL0677","END677",4226.78,180.6,421.3,"AGT008","Daños","Colectiva",2026-12-03,2026-12-26,2026-12-26,4828.68,"Agente8","agente8@seguritas.com.mx",83,"Futura"
"POL0678","END678",1807.98,208.36,705.12,"AGT022","Autos","Colectiva",2026-08-25,2026-09-18,2026-09-18,2721.46,"Agente22","agente22@seguritas.com.mx",-16,"En gestión de cobro"
"POL0679","END679",2837.7,204.39,364.82,"AGT023","Autos","Individual",2026-10-27,2026-11-20,2026-11-12,3406.91,"Agente23","agente23@seguritas.com.mx",39,"Futura"
"POL0680","END680",2792.57,121.22,438.88,"AGT013","Daños","Individual",2026-10-27,2026-11-26,2026-11-09,3352.67,"Agente13","agente13@seguritas.com.mx",36,"Futura"
"POL0681","END681",3934.99,105.95,418.76,"AGT018","Vida","Individual",2026-11-30,2026-12-18,2026-12-13,4459.7,"Agente18","agente18@seguritas.com.mx",70,"Futura"
"POL0682","END682",3859.02,184.75,378.64,"AGT010","GMM","Colectiva",2026-09-09,2026-10-04,2026-09-25,4422.41,"Agente10","agente10@seguritas.com.mx",-9,"En gestión de cobro"
"POL0683","END683",4324.89,299.09,753.1,"AGT029","Vida","Colectiva",2026-12-11,2027-01-06,2026-12-23,5377.08,"Agente29","agente29@seguritas.com.mx",80,"Futura"
"POL0684","END684",4546.26,132.23,754.54,"AGT020","Vida","Individual",2026-10-28,2026-11-19,2026-11-20,5433.03,"Agente20","agente20@seguritas.com.mx",47,"Futura"
"POL0685","END685",4810.58,130.83,332.17,"AGT021","Autos","Individual",2026-11-26,2026-12-24,2026-12-07,5273.58,"Agente21","agente21@seguritas.com.mx",64,"Futura"
"POL0686","END686",3202.47,58.83,624.05,"AGT019","Daños","Colectiva",2026-11-20,2026-12-08,2026-12-08,3885.35,"Agente19","agente19@seguritas.com.mx",65,"Futura"
"POL0687","END687",3089.34,181.4,290.91,"AGT004","Vida","Individual",2026-11-27,2026-12-24,2026-12-21,3561.65,"Agente4","agente4@seguritas.com.mx",78,"Futura"
"POL0688","END688",1682.79,199.2,761.16,"AGT013","GMM","Individual",2026-12-28,2027-01-19,2027-01-16,2643.15,"Agente13","agente13@seguritas.com.mx",104,"Futura"
"POL0689","END689",2917.09,235.52,191.79,"AGT015","Vida","Colectiva",2026-08-13,2026-08-30,2026-08-29,3344.4,"Agente15","agente15@seguritas.com.mx",-36,"Morosa"
"POL0690","END690",2015.28,288.21,792.63,"AGT003","GMM","Individual",2026-11-02,2026-11-22,2026-11-14,3096.12,"Agente3","agente3@seguritas.com.mx",41,"Futura"
"POL0691","END691",1159.12,172.41,286.64,"AGT027","Daños","Colectiva",2026-10-22,2026-11-16,2026-11-12,1618.17,"Agente27","agente27@seguritas.com.mx",39,"Futura"
"POL0692","END692",3539.2,70.82,357.05,"AGT018","Daños","Individual",2026-11-11,2026-12-09,2026-11-28,3967.07,"Agente18","agente18@seguritas.com.mx",55,"Futura"
"POL0693","END693",3158.24,114.98,229.15,"AGT004","Autos","Colectiva",2026-10-16,2026-10-31,2026-11-02,3502.37,"Agente4","agente4@seguritas.com.mx",29,"En gestión de cobro"
"POL0694","END694",1560.41,268.71,529.74,"AGT018","GMM","Individual",2026-08-14,2026-09-03,2026-09-06,2358.86,"Agente18","agente18@seguritas.com.mx",-28,"En gestión de cobro"
"POL0695","END695",2134.85,263.01,577.92,"AGT012","GMM","Colectiva",2026-11-20,2026-12-16,2026-12-13,2975.78,"Agente12","agente12@seguritas.com.mx",70,"Futura"
"POL0696","END696",3332.12,260.73,797.51,"AGT017","Autos","Individual",2026-12-05,2027-01-02,2026-12-20,4390.36,"Agente17","agente17@seguritas.com.mx",77,"Futura"
"POL0697","END697",1660.1,286.73,276.14,"AGT011","Autos","Individual",2026-11-07,2026-12-04,2026-11-23,2222.97,"Agente11","agente11@seguritas.com.mx",50,"Futura"
"POL0698","END698",1385.2,213.17,680.72,"AGT010","Vida","Individual",2026-12-25,2027-01-21,2027-01-11,2279.09,"Agente10","agente10@seguritas.com.mx",99,"Futura"
"POL0699","END699",2714.45,172.04,552.64,"AGT027","Daños","Colectiva",2026-11-02,2026-11-30,2026-11-25,3439.13,"Agente27","agente27@seguritas.com.mx",52,"Futura"
"POL0700","END700",2423.05,96.94,790.64,"AGT015","Vida","Colectiva",2026-09-01,2026-09-16,2026-09-12,3310.63,"Agente15","agente15@seguritas.com.mx",-22,"En gestión de cobro"
"POL0701","END701",4379.73,228.26,437.16,"AGT020","Daños","Individual",2026-08-16,2026-09-08,2026-08-26,5045.15,"Agente20","agente20@seguritas.com.mx",-39,"Morosa"
"POL0702","END702",2040.53,71.27,620.72,"AGT016","Autos","Individual",2026-09-26,2026-10-21,2026-10-09,2732.52,"Agente16","agente16@seguritas.com.mx",5,"En gestión de cobro"
"POL0703","END703",1092.58,165.3,199.3,"AGT004","Vida","Individual",2026-10-05,2026-11-03,2026-10-21,1457.18,"Agente4","agente4@seguritas.com.mx",17,"En gestión de cobro"
"POL0704","END704",4449.6,283.98,559.72,"AGT026","Daños","Colectiva",2026-11-24,2026-12-11,2026-12-07,5293.3,"Agente26","agente26@seguritas.com.mx",64,"Futura"
"POL0705","END705",2338.35,261.32,289.48,"AGT014","Autos","Colectiva",2026-12-08,2026-12-28,2026-12-27,2889.15,"Agente14","agente14@seguritas.com.mx",84,"Futura"
"POL0706","END706",3527.16,229.05,747.43,"AGT006","Vida","Individual",2026-08-24,2026-09-16,2026-09-09,4503.64,"Agente6","agente6@seguritas.com.mx",-25,"En gestión de cobro"
"POL0707","END707",3185.71,80.95,677.77,"AGT005","GMM","Colectiva",2026-11-30,2026-12-23,2026-12-13,3944.43,"Agente5","agente5@seguritas.com.mx",70,"Futura"
"POL0708","END708",2505.78,198.71,706.48,"AGT002","Autos","Individual",2026-12-13,2026-12-31,2026-12-25,3410.97,"Agente2","agente2@seguritas.com.mx",82,"Futura"
"POL0709","END709",1743.49,297.46,680.89,"AGT020","Autos","Individual",2026-11-06,2026-11-21,2026-11-17,2721.84,"Agente20","agente20@seguritas.com.mx",44,"Futura"
"POL0710","END710",2715.76,203.85,421.12,"AGT013","GMM","Individual",2026-08-08,2026-08-31,2026-08-23,3340.73,"Agente13","agente13@seguritas.com.mx",-42,"Morosa"
"POL0711","END711",3523.09,118.27,785.41,"AGT022","Daños","Individual",2026-11-26,2026-12-24,2026-12-17,4426.77,"Agente22","agente22@seguritas.com.mx",74,"Futura"
"POL0712","END712",3083.37,65.93,474.59,"AGT011","Daños","Colectiva",2026-09-11,2026-09-30,2026-09-22,3623.89,"Agente11","agente11@seguritas.com.mx",-12,"En gestión de cobro"
"POL0713","END713",3638.49,68.08,474.07,"AGT002","Autos","Individual",2026-12-09,2027-01-06,2026-12-23,4180.64,"Agente2","agente2@seguritas.com.mx",80,"Futura"
"POL0714","END714",3917.44,268.38,373.26,"AGT005","GMM","Colectiva",2026-08-09,2026-08-31,2026-08-23,4559.08,"Agente5","agente5@seguritas.com.mx",-42,"Morosa"
"POL0715","END715",2947.29,140.71,193.78,"AGT029","Vida","Colectiva",2026-12-03,2026-12-26,2026-12-16,3281.78,"Agente29","agente29@seguritas.com.mx",73,"Futura"
"POL0716","END716",2537.83,286.41,739.79,"AGT003","Daños","Individual",2026-09-16,2026-10-08,2026-10-02,3564.03,"Agente3","agente3@seguritas.com.mx",-2,"En gestión de cobro"
"POL0717","END717",1027.33,189.58,293.73,"AGT025","Autos","Colectiva",2026-09-18,2026-10-07,2026-09-30,1510.64,"Agente25","agente25@seguritas.com.mx",-4,"En gestión de cobro"
"POL0718","END718",1014.74,178.17,343.48,"AGT005","Vida","Colectiva",2026-10-21,2026-11-18,2026-11-03,1536.39,"Agente5","agente5@seguritas.com.mx",30,"En gestión de cobro"
"POL0719","END719",4979.75,286.94,578.05,"AGT004","Daños","Colectiva",2026-12-30,2027-01-20,2027-01-18,5844.74,"Agente4","agente4@seguritas.com.mx",106,"Futura"
"POL0720","END720",1431.55,77.45,518.3,"AGT030","Daños","Individual",2026-11-07,2026-11-23,2026-11-25,2027.3,"Agente30","agente30@seguritas.com.mx",52,"Futura"
"POL0721","END721",2674.68,254.73,781.34,"AGT019","GMM","Colectiva",2026-08-16,2026-09-13,2026-08-28,3710.75,"Agente19","agente19@seguritas.com.mx",-37,"Morosa"
"POL0722","END722",3871.54,144.34,218.21,"AGT027","Daños","Colectiva",2026-09-11,2026-10-07,2026-09-22,4234.09,"Agente27","agente27@seguritas.com.mx",-12,"En gestión de cobro"
"POL0723","END723",3970.16,189.16,503.47,"AGT015","Vida","Colectiva",2026-09-05,2026-09-20,2026-09-19,4662.79,"Agente15","agente15@seguritas.com.mx",-15,"En gestión de cobro"
"POL0724","END724",4488,128.47,744.99,"AGT005","Autos","Colectiva",2026-10-24,2026-11-19,2026-11-14,5361.46,"Agente5","agente5@seguritas.com.mx",41,"Futura"
"POL0725","END725",3431.47,70.59,717.41,"AGT018","GMM","Colectiva",2026-08-31,2026-09-22,2026-09-25,4219.47,"Agente18","agente18@seguritas.com.mx",-9,"En gestión de cobro"
"POL0726","END726",4024.81,244.98,737.95,"AGT024","Daños","Individual",2026-09-18,2026-10-14,2026-10-05,5007.74,"Agente24","agente24@seguritas.com.mx",1,"En gestión de cobro"
"POL0727","END727",4388.97,98.31,656.21,"AGT014","Vida","Colectiva",2026-09-30,2026-10-15,2026-10-14,5143.49,"Agente14","agente14@seguritas.com.mx",10,"En gestión de cobro"
"POL0728","END728",3451.12,213.9,258.66,"AGT009","Vida","Colectiva",2026-09-05,2026-09-28,2026-09-23,3923.68,"Agente9","agente9@seguritas.com.mx",-11,"En gestión de cobro"
"POL0729","END729",4172.9,158.79,228.9,"AGT030","Autos","Individual",2026-12-05,2027-01-03,2026-12-19,4560.59,"Agente30","agente30@seguritas.com.mx",76,"Futura"
"POL0730","END730",1091.42,99.29,226.89,"AGT024","Daños","Individual",2026-08-11,2026-08-30,2026-09-02,1417.6,"Agente24","agente24@seguritas.com.mx",-32,"Morosa"
"POL0731","END731",2667.66,298.67,430.84,"AGT029","GMM","Individual",2026-10-13,2026-11-01,2026-10-29,3397.17,"Agente29","agente29@seguritas.com.mx",25,"En gestión de cobro"
"POL0732","END732",4499.53,161.69,655.3,"AGT024","Daños","Colectiva",2026-11-08,2026-11-30,2026-11-21,5316.52,"Agente24","agente24@seguritas.com.mx",48,"Futura"
"POL0733","END733",3589.39,57.86,737.66,"AGT011","GMM","Colectiva",2026-09-25,2026-10-15,2026-10-10,4384.91,"Agente11","agente11@seguritas.com.mx",6,"En gestión de cobro"
"POL0734","END734",4697.92,284.25,427.2,"AGT029","GMM","Individual",2026-09-13,2026-10-02,2026-10-07,5409.37,"Agente29","agente29@seguritas.com.mx",3,"En gestión de cobro"
"POL0735","END735",1688.9,267.75,676.18,"AGT003","Daños","Individual",2026-08-04,2026-08-31,2026-08-24,2632.83,"Agente3","agente3@seguritas.com.mx",-41,"Morosa"
"POL0736","END736",2263.25,200.31,454.44,"AGT011","Vida","Colectiva",2026-09-11,2026-10-11,2026-10-03,2918,"Agente11","agente11@seguritas.com.mx",-1,"En gestión de cobro"
"POL0737","END737",4217.03,124.75,591.09,"AGT018","Daños","Individual",2026-11-22,2026-12-16,2026-12-16,4932.87,"Agente18","agente18@seguritas.com.mx",73,"Futura"
"POL0738","END738",4955.85,252.34,643.17,"AGT030","GMM","Individual",2026-09-29,2026-10-14,2026-10-13,5851.36,"Agente30","agente30@seguritas.com.mx",9,"En gestión de cobro"
"POL0739","END739",2289.54,288.04,594.18,"AGT020","Vida","Colectiva",2026-08-19,2026-09-17,2026-09-05,3171.76,"Agente20","agente20@seguritas.com.mx",-29,"En gestión de cobro"
"POL0740","END740",1004.77,263.01,700.93,"AGT006","Vida","Individual",2026-08-17,2026-09-06,2026-08-30,1968.71,"Agente6","agente6@seguritas.com.mx",-35,"Morosa"
"POL0741","END741",4968.68,81.83,352.52,"AGT001","Daños","Individual",2026-11-17,2026-12-04,2026-12-03,5403.03,"Agente1","agente1@seguritas.com.mx",60,"Futura"
"POL0742","END742",1593.41,292.22,268.8,"AGT006","Vida","Colectiva",2026-09-15,2026-10-08,2026-10-02,2154.43,"Agente6","agente6@seguritas.com.mx",-2,"En gestión de cobro"
"POL0743","END743",1197.46,189.28,210.79,"AGT026","Daños","Individual",2026-12-14,2026-12-30,2027-01-05,1597.53,"Agente26","agente26@seguritas.com.mx",93,"Futura"
"POL0744","END744",3389.41,51.34,159.62,"AGT028","Vida","Colectiva",2026-09-22,2026-10-13,2026-10-04,3600.37,"Agente28","agente28@seguritas.com.mx",0,"En gestión de cobro"
"POL0745","END745",2285.31,83.94,736.57,"AGT004","Daños","Colectiva",2026-09-12,2026-09-29,2026-09-27,3105.82,"Agente4","agente4@seguritas.com.mx",-7,"En gestión de cobro"
"POL0746","END746",3111.72,51.46,667.43,"AGT018","Daños","Individual",2026-11-09,2026-11-28,2026-11-22,3830.61,"Agente18","agente18@seguritas.com.mx",49,"Futura"
"POL0747","END747",4181.69,254.22,200.55,"AGT011","Autos","Individual",2026-11-18,2026-12-03,2026-11-30,4636.46,"Agente11","agente11@seguritas.com.mx",57,"Futura"
"POL0748","END748",1275.73,245.54,216.13,"AGT020","Vida","Individual",2026-08-04,2026-08-22,2026-08-25,1737.4,"Agente20","agente20@seguritas.com.mx",-40,"Morosa"
"POL0749","END749",3780.08,282.77,263.03,"AGT029","Vida","Colectiva",2026-10-06,2026-10-31,2026-10-16,4325.88,"Agente29","agente29@seguritas.com.mx",12,"En gestión de cobro"
"POL0750","END750",4794.53,142.17,493.64,"AGT011","Vida","Individual",2026-11-18,2026-12-12,2026-12-12,5430.34,"Agente11","agente11@seguritas.com.mx",69,"Futura"
"POL0751","END751",2111.08,293.61,627.95,"AGT030","GMM","Colectiva",2026-09-05,2026-09-29,2026-09-24,3032.64,"Agente30","agente30@seguritas.com.mx",-10,"En gestión de cobro"
"POL0752","END752",1997.63,255.94,226.84,"AGT022","Daños","Colectiva",2026-11-29,2026-12-22,2026-12-16,2480.41,"Agente22","agente22@seguritas.com.mx",73,"Futura"
"POL0753","END753",1637.74,246.86,217.24,"AGT014","GMM","Individual",2026-10-08,2026-10-24,2026-10-26,2101.84,"Agente14","agente14@seguritas.com.mx",22,"En gestión de cobro"
"POL0754","END754",1286.52,205.71,508.97,"AGT030","Daños","Colectiva",2026-12-23,2027-01-07,2027-01-04,2001.2,"Agente30","agente30@seguritas.com.mx",92,"Futura"
"POL0755","END755",3229.75,291.84,338.84,"AGT006","Vida","Colectiva",2026-08-10,2026-08-27,2026-08-21,3860.43,"Agente6","agente6@seguritas.com.mx",-44,"Morosa"
"POL0756","END756",2959.35,174.98,436.29,"AGT004","Daños","Individual",2026-12-10,2027-01-04,2026-12-29,3570.62,"Agente4","agente4@seguritas.com.mx",86,"Futura"
"POL0757","END757",2977.17,273.42,226.99,"AGT012","GMM","Individual",2026-09-27,2026-10-27,2026-10-10,3477.58,"Agente12","agente12@seguritas.com.mx",6,"En gestión de cobro"
"POL0758","END758",4553.49,150.26,749.05,"AGT016","Daños","Individual",2026-09-01,2026-09-26,2026-09-21,5452.8,"Agente16","agente16@seguritas.com.mx",-13,"En gestión de cobro"
"POL0759","END759",1146.82,161.89,626.18,"AGT021","GMM","Individual",2026-11-30,2026-12-15,2026-12-21,1934.89,"Agente21","agente21@seguritas.com.mx",78,"Futura"
"POL0760","END760",1814.98,283.94,449.99,"AGT027","GMM","Colectiva",2026-10-08,2026-11-05,2026-10-27,2548.91,"Agente27","agente27@seguritas.com.mx",23,"En gestión de cobro"
"POL0761","END761",3055.12,220.83,587,"AGT029","Daños","Colectiva",2026-11-07,2026-11-26,2026-12-01,3862.95,"Agente29","agente29@seguritas.com.mx",58,"Futura"
"POL0762","END762",1945.36,54.54,337.52,"AGT021","Daños","Individual",2026-12-16,2027-01-12,2027-01-06,2337.42,"Agente21","agente21@seguritas.com.mx",94,"Futura"
"POL0763","END763",3301.74,91.38,581.24,"AGT010","GMM","Colectiva",2026-12-11,2027-01-02,2026-12-28,3974.36,"Agente10","agente10@seguritas.com.mx",85,"Futura"
"POL0764","END764",2929.03,173.96,393.79,"AGT010","Daños","Individual",2026-08-01,2026-08-29,2026-08-26,3496.78,"Agente10","agente10@seguritas.com.mx",-39,"Morosa"
"POL0765","END765",3277.41,156.63,586.1,"AGT020","Autos","Colectiva",2026-09-16,2026-10-15,2026-10-10,4020.14,"Agente20","agente20@seguritas.com.mx",6,"En gestión de cobro"
"POL0766","END766",1576.61,298.01,418.27,"AGT007","GMM","Individual",2026-12-24,2027-01-12,2027-01-03,2292.89,"Agente7","agente7@seguritas.com.mx",91,"Futura"
"POL0767","END767",1582.84,272.24,612.36,"AGT007","GMM","Colectiva",2026-10-13,2026-11-11,2026-11-03,2467.44,"Agente7","agente7@seguritas.com.mx",30,"En gestión de cobro"
"POL0768","END768",2649.13,136.44,332.7,"AGT008","Daños","Colectiva",2026-10-20,2026-11-05,2026-11-06,3118.27,"Agente8","agente8@seguritas.com.mx",33,"Futura"
"POL0769","END769",3732.04,226.46,630.16,"AGT007","Vida","Colectiva",2026-10-29,2026-11-27,2026-11-23,4588.66,"Agente7","agente7@seguritas.com.mx",50,"Futura"
"POL0770","END770",3613.71,277.18,523.7,"AGT023","GMM","Individual",2026-08-07,2026-08-23,2026-08-17,4414.59,"Agente23","agente23@seguritas.com.mx",-48,"Morosa"
"POL0771","END771",4663.95,219.07,165.92,"AGT016","Autos","Colectiva",2026-11-20,2026-12-10,2026-12-01,5048.94,"Agente16","agente16@seguritas.com.mx",58,"Futura"
"POL0772","END772",4252.45,209.78,385.75,"AGT008","Daños","Colectiva",2026-08-14,2026-08-30,2026-08-24,4847.98,"Agente8","agente8@seguritas.com.mx",-41,"Morosa"
"POL0773","END773",3703.56,87.4,436.55,"AGT003","Autos","Individual",2026-08-21,2026-09-11,2026-09-02,4227.51,"Agente3","agente3@seguritas.com.mx",-32,"Morosa"
"POL0774","END774",4230,200.28,412.21,"AGT006","Autos","Individual",2026-10-16,2026-11-12,2026-11-05,4842.49,"Agente6","agente6@seguritas.com.mx",32,"Futura"
"POL0775","END775",1512.26,118.19,504.1,"AGT009","Autos","Colectiva",2026-11-19,2026-12-10,2026-12-04,2134.55,"Agente9","agente9@seguritas.com.mx",61,"Futura"
"POL0776","END776",2003.11,164.46,711.08,"AGT002","GMM","Individual",2026-11-03,2026-11-24,2026-11-21,2878.65,"Agente2","agente2@seguritas.com.mx",48,"Futura"
"POL0777","END777",2326.19,105.56,647.69,"AGT027","Vida","Colectiva",2026-10-04,2026-10-23,2026-10-24,3079.44,"Agente27","agente27@seguritas.com.mx",20,"En gestión de cobro"
"POL0778","END778",2629.08,113.73,192.52,"AGT013","GMM","Individual",2026-09-27,2026-10-26,2026-10-16,2935.33,"Agente13","agente13@seguritas.com.mx",12,"En gestión de cobro"
"POL0779","END779",3541.47,213.42,226.39,"AGT024","Daños","Colectiva",2026-12-17,2027-01-09,2027-01-07,3981.28,"Agente24","agente24@seguritas.com.mx",95,"Futura"
"POL0780","END780",4234.45,168,351.36,"AGT018","Daños","Individual",2026-10-24,2026-11-23,2026-11-04,4753.81,"Agente18","agente18@seguritas.com.mx",31,"Futura"
"POL0781","END781",2035.2,90.24,350.64,"AGT030","Vida","Individual",2026-10-30,2026-11-19,2026-11-22,2476.08,"Agente30","agente30@seguritas.com.mx",49,"Futura"
"POL0782","END782",4277.87,118.02,626.02,"AGT001","Vida","Individual",2026-11-09,2026-11-26,2026-11-21,5021.91,"Agente1","agente1@seguritas.com.mx",48,"Futura"
"POL0783","END783",1061.91,228.24,241.97,"AGT015","Vida","Individual",2026-12-09,2027-01-04,2026-12-26,1532.12,"Agente15","agente15@seguritas.com.mx",83,"Futura"
"POL0784","END784",3617.6,203.34,785.42,"AGT029","Autos","Individual",2026-12-18,2027-01-04,2026-12-28,4606.36,"Agente29","agente29@seguritas.com.mx",85,"Futura"
"POL0785","END785",4246.88,83.03,705.62,"AGT008","Vida","Individual",2026-12-26,2027-01-12,2027-01-15,5035.53,"Agente8","agente8@seguritas.com.mx",103,"Futura"
"POL0786","END786",2845.48,67.5,529.55,"AGT030","GMM","Colectiva",2026-09-28,2026-10-17,2026-10-14,3442.53,"Agente30","agente30@seguritas.com.mx",10,"En gestión de cobro"
"POL0787","END787",1813.67,291.57,734.72,"AGT011","Autos","Individual",2026-11-28,2026-12-20,2026-12-16,2839.96,"Agente11","agente11@seguritas.com.mx",73,"Futura"
"POL0788","END788",1075.07,142.07,156.07,"AGT013","Vida","Colectiva",2026-10-01,2026-10-22,2026-10-11,1373.21,"Agente13","agente13@seguritas.com.mx",7,"En gestión de cobro"
"POL0789","END789",2132.53,219.36,659.96,"AGT026","GMM","Colectiva",2026-09-05,2026-09-23,2026-09-24,3011.85,"Agente26","agente26@seguritas.com.mx",-10,"En gestión de cobro"
"POL0790","END790",4661.09,261.49,740.07,"AGT010","Daños","Colectiva",2026-12-14,2027-01-06,2027-01-03,5662.65,"Agente10","agente10@seguritas.com.mx",91,"Futura"
"POL0791","END791",4734.79,110.41,222.01,"AGT020","Daños","Colectiva",2026-12-20,2027-01-08,2027-01-01,5067.21,"Agente20","agente20@seguritas.com.mx",89,"Futura"
"POL0792","END792",3170.13,58.79,452.78,"AGT013","Autos","Colectiva",2026-10-01,2026-10-24,2026-10-20,3681.7,"Agente13","agente13@seguritas.com.mx",16,"En gestión de cobro"
"POL0793","END793",1877.69,198.81,588.33,"AGT009","GMM","Colectiva",2026-08-27,2026-09-22,2026-09-06,2664.83,"Agente9","agente9@seguritas.com.mx",-28,"En gestión de cobro"
"POL0794","END794",2957.71,259.05,452.54,"AGT005","Vida","Individual",2026-11-30,2026-12-29,2026-12-25,3669.3,"Agente5","agente5@seguritas.com.mx",82,"Futura"
"POL0795","END795",4204.59,140.56,718.76,"AGT003","Vida","Individual",2026-12-04,2026-12-23,2026-12-26,5063.91,"Agente3","agente3@seguritas.com.mx",83,"Futura"
"POL0796","END796",2630.52,133.05,410.71,"AGT009","Daños","Colectiva",2026-09-24,2026-10-12,2026-10-18,3174.28,"Agente9","agente9@seguritas.com.mx",14,"En gestión de cobro"
"POL0797","END797",1414.85,211.18,518.35,"AGT020","GMM","Individual",2026-09-01,2026-09-16,2026-09-20,2144.38,"Agente20","agente20@seguritas.com.mx",-14,"En gestión de cobro"
"POL0798","END798",2122.26,289.65,574.91,"AGT001","Autos","Colectiva",2026-08-24,2026-09-13,2026-09-16,2986.82,"Agente1","agente1@seguritas.com.mx",-18,"En gestión de cobro"
"POL0799","END799",2445.86,199.05,335.68,"AGT009","Autos","Colectiva",2026-11-11,2026-12-04,2026-12-03,2980.59,"Agente9","agente9@seguritas.com.mx",60,"Futura"
"POL0800","END800",2036.98,177.57,729.76,"AGT006","Vida","Individual",2026-12-28,2027-01-27,2027-01-20,2944.31,"Agente6","agente6@seguritas.com.mx",108,"Futura"
"POL0801","END801",2882.73,88.82,240.16,"AGT010","Vida","Individual",2026-09-07,2026-09-28,2026-09-20,3211.71,"Agente10","agente10@seguritas.com.mx",-14,"En gestión de cobro"
"POL0802","END802",2463.38,261.46,512.18,"AGT006","Vida","Colectiva",2026-10-24,2026-11-20,2026-11-08,3237.02,"Agente6","agente6@seguritas.com.mx",35,"Futura"
"POL0803","END803",1485.09,103.6,314.4,"AGT027","GMM","Individual",2026-10-22,2026-11-18,2026-11-09,1903.09,"Agente27","agente27@seguritas.com.mx",36,"Futura"
"POL0804","END804",1187.97,217.47,197.84,"AGT011","Vida","Colectiva",2026-08-23,2026-09-09,2026-09-16,1603.28,"Agente11","agente11@seguritas.com.mx",-18,"En gestión de cobro"
"POL0805","END805",2051.19,204.44,645.72,"AGT004","Vida","Colectiva",2026-12-21,2027-01-08,2027-01-07,2901.35,"Agente4","agente4@seguritas.com.mx",95,"Futura"
"POL0806","END806",4874.56,62.5,544.14,"AGT030","GMM","Individual",2026-08-09,2026-08-24,2026-09-02,5481.2,"Agente30","agente30@seguritas.com.mx",-32,"Morosa"
"POL0807","END807",2953.98,287.35,366.45,"AGT011","Autos","Individual",2026-09-20,2026-10-05,2026-10-03,3607.78,"Agente11","agente11@seguritas.com.mx",-1,"En gestión de cobro"
"POL0808","END808",2911.29,195.64,741.28,"AGT012","Autos","Individual",2026-11-03,2026-11-30,2026-11-19,3848.21,"Agente12","agente12@seguritas.com.mx",46,"Futura"
"POL0809","END809",3995.17,265.24,533.52,"AGT025","GMM","Individual",2026-11-13,2026-12-03,2026-12-07,4793.93,"Agente25","agente25@seguritas.com.mx",64,"Futura"
"POL0810","END810",3670.56,179.62,765.18,"AGT027","Daños","Individual",2026-10-31,2026-11-15,2026-11-10,4615.36,"Agente27","agente27@seguritas.com.mx",37,"Futura"
"POL0811","END811",1197.66,116.53,736.51,"AGT016","Autos","Individual",2026-10-18,2026-11-08,2026-11-06,2050.7,"Agente16","agente16@seguritas.com.mx",33,"Futura"
"POL0812","END812",3780.42,199.34,401.53,"AGT021","Daños","Colectiva",2026-08-04,2026-08-24,2026-08-18,4381.29,"Agente21","agente21@seguritas.com.mx",-47,"Morosa"
"POL0813","END813",2453.05,248.89,617.01,"AGT027","Autos","Colectiva",2026-11-12,2026-12-11,2026-12-01,3318.95,"Agente27","agente27@seguritas.com.mx",58,"Futura"
"POL0814","END814",4536.53,222.32,687.78,"AGT018","GMM","Colectiva",2026-09-08,2026-09-24,2026-09-30,5446.63,"Agente18","agente18@seguritas.com.mx",-4,"En gestión de cobro"
"POL0815","END815",4101.19,170.16,743.98,"AGT002","Daños","Colectiva",2026-10-13,2026-11-07,2026-10-23,5015.33,"Agente2","agente2@seguritas.com.mx",19,"En gestión de cobro"
"POL0816","END816",1556.81,166.48,234.9,"AGT018","Daños","Individual",2026-12-18,2027-01-09,2027-01-09,1958.19,"Agente18","agente18@seguritas.com.mx",97,"Futura"
"POL0817","END817",2180.04,204.6,178.87,"AGT008","Vida","Individual",2026-11-15,2026-11-30,2026-11-25,2563.51,"Agente8","agente8@seguritas.com.mx",52,"Futura"
"POL0818","END818",1504.33,162.32,792.35,"AGT029","Vida","Individual",2026-12-17,2027-01-13,2027-01-03,2459,"Agente29","agente29@seguritas.com.mx",91,"Futura"
"POL0819","END819",3359.61,200.68,403.16,"AGT005","Vida","Colectiva",2026-08-09,2026-09-02,2026-08-21,3963.45,"Agente5","agente5@seguritas.com.mx",-44,"Morosa"
"POL0820","END820",3246.7,51.15,612.18,"AGT009","GMM","Individual",2026-08-28,2026-09-15,2026-09-09,3910.03,"Agente9","agente9@seguritas.com.mx",-25,"En gestión de cobro"
"POL0821","END821",3754.88,298.75,491.86,"AGT003","Daños","Individual",2026-12-25,2027-01-20,2027-01-19,4545.49,"Agente3","agente3@seguritas.com.mx",107,"Futura"
"POL0822","END822",2245.08,151.62,401.49,"AGT006","Daños","Individual",2026-12-25,2027-01-22,2027-01-11,2798.19,"Agente6","agente6@seguritas.com.mx",99,"Futura"
"POL0823","END823",3422.35,79.49,617.07,"AGT014","Vida","Individual",2026-08-02,2026-08-23,2026-08-27,4118.91,"Agente14","agente14@seguritas.com.mx",-38,"Morosa"
"POL0824","END824",4964.14,267.38,722.12,"AGT005","Autos","Individual",2026-09-16,2026-10-08,2026-09-27,5953.64,"Agente5","agente5@seguritas.com.mx",-7,"En gestión de cobro"
"POL0825","END825",3972.82,185.05,228.75,"AGT002","Daños","Colectiva",2026-11-26,2026-12-11,2026-12-06,4386.62,"Agente2","agente2@seguritas.com.mx",63,"Futura"
"POL0826","END826",1303.43,270.4,388.58,"AGT027","Daños","Colectiva",2026-09-24,2026-10-16,2026-10-04,1962.41,"Agente27","agente27@seguritas.com.mx",0,"En gestión de cobro"
"POL0827","END827",2804.68,59.38,663.46,"AGT009","GMM","Colectiva",2026-10-31,2026-11-20,2026-11-16,3527.52,"Agente9","agente9@seguritas.com.mx",43,"Futura"
"POL0828","END828",1214.15,270.36,290.14,"AGT004","Daños","Colectiva",2026-11-21,2026-12-16,2026-12-03,1774.65,"Agente4","agente4@seguritas.com.mx",60,"Futura"
"POL0829","END829",2358.22,230.59,553.47,"AGT030","Autos","Colectiva",2026-09-11,2026-10-09,2026-09-24,3142.28,"Agente30","agente30@seguritas.com.mx",-10,"En gestión de cobro"
"POL0830","END830",3935.81,242.45,395.52,"AGT021","GMM","Colectiva",2026-11-28,2026-12-25,2026-12-17,4573.78,"Agente21","agente21@seguritas.com.mx",74,"Futura"
"POL0831","END831",1016.43,265.9,542.62,"AGT012","Daños","Individual",2026-11-18,2026-12-14,2026-12-01,1824.95,"Agente12","agente12@seguritas.com.mx",58,"Futura"
"POL0832","END832",4087.64,175.19,516.94,"AGT001","GMM","Individual",2026-09-24,2026-10-17,2026-10-19,4779.77,"Agente1","agente1@seguritas.com.mx",15,"En gestión de cobro"
"POL0833","END833",2851.9,281.47,601.39,"AGT001","GMM","Individual",2026-12-17,2027-01-15,2027-01-02,3734.76,"Agente1","agente1@seguritas.com.mx",90,"Futura"
"POL0834","END834",3883.36,102.02,679.19,"AGT018","Daños","Individual",2026-09-16,2026-10-08,2026-10-01,4664.57,"Agente18","agente18@seguritas.com.mx",-3,"En gestión de cobro"
"POL0835","END835",3666.02,56.78,444.89,"AGT026","Vida","Colectiva",2026-12-28,2027-01-16,2027-01-16,4167.69,"Agente26","agente26@seguritas.com.mx",104,"Futura"
"POL0836","END836",3288.29,128.95,390.48,"AGT012","Vida","Individual",2026-10-18,2026-11-10,2026-10-31,3807.72,"Agente12","agente12@seguritas.com.mx",27,"En gestión de cobro"
"POL0837","END837",3815.25,215.03,684.73,"AGT011","Autos","Colectiva",2026-09-18,2026-10-08,2026-10-12,4715.01,"Agente11","agente11@seguritas.com.mx",8,"En gestión de cobro"
"POL0838","END838",3628.88,128.67,483.21,"AGT029","GMM","Individual",2026-11-30,2026-12-26,2026-12-16,4240.76,"Agente29","agente29@seguritas.com.mx",73,"Futura"
"POL0839","END839",2157.41,286.12,632.03,"AGT026","GMM","Individual",2026-08-26,2026-09-16,2026-09-19,3075.56,"Agente26","agente26@seguritas.com.mx",-15,"En gestión de cobro"
"POL0840","END840",1388.96,244.74,702.07,"AGT012","Autos","Individual",2026-11-07,2026-12-04,2026-11-19,2335.77,"Agente12","agente12@seguritas.com.mx",46,"Futura"
"POL0841","END841",4849.69,134.86,436.19,"AGT028","GMM","Colectiva",2026-10-03,2026-10-25,2026-10-25,5420.74,"Agente28","agente28@seguritas.com.mx",21,"En gestión de cobro"
"POL0842","END842",3945.34,170.41,413.84,"AGT011","Vida","Colectiva",2026-10-28,2026-11-24,2026-11-22,4529.59,"Agente11","agente11@seguritas.com.mx",49,"Futura"
"POL0843","END843",3450.89,154,703.1,"AGT015","Vida","Colectiva",2026-11-15,2026-12-02,2026-12-06,4307.99,"Agente15","agente15@seguritas.com.mx",63,"Futura"
"POL0844","END844",1479.72,244.08,622.57,"AGT026","Autos","Individual",2026-10-10,2026-11-06,2026-11-04,2346.37,"Agente26","agente26@seguritas.com.mx",31,"Futura"
"POL0845","END845",3201.04,171.36,549.8,"AGT028","Vida","Colectiva",2026-11-03,2026-11-26,2026-11-27,3922.2,"Agente28","agente28@seguritas.com.mx",54,"Futura"
"POL0846","END846",2051.03,53.82,605,"AGT030","Daños","Colectiva",2026-11-18,2026-12-05,2026-12-13,2709.85,"Agente30","agente30@seguritas.com.mx",70,"Futura"
"POL0847","END847",4593.44,210.61,636.31,"AGT030","GMM","Colectiva",2026-10-28,2026-11-24,2026-11-12,5440.36,"Agente30","agente30@seguritas.com.mx",39,"Futura"
"POL0848","END848",1036.72,108.71,320.2,"AGT027","Vida","Individual",2026-08-18,2026-09-04,2026-09-11,1465.63,"Agente27","agente27@seguritas.com.mx",-23,"En gestión de cobro"
"POL0849","END849",1944.94,236.76,329.53,"AGT023","Vida","Colectiva",2026-11-22,2026-12-19,2026-12-03,2511.23,"Agente23","agente23@seguritas.com.mx",60,"Futura"
"POL0850","END850",1520.18,123.9,279.65,"AGT005","Autos","Individual",2026-12-25,2027-01-23,2027-01-11,1923.73,"Agente5","agente5@seguritas.com.mx",99,"Futura"
"POL0851","END851",2304.93,276.55,762.95,"AGT027","GMM","Colectiva",2026-08-27,2026-09-16,2026-09-08,3344.43,"Agente27","agente27@seguritas.com.mx",-26,"En gestión de cobro"
"POL0852","END852",3905.6,263.33,326.24,"AGT023","Daños","Colectiva",2026-10-15,2026-11-09,2026-11-01,4495.17,"Agente23","agente23@seguritas.com.mx",28,"En gestión de cobro"
"POL0853","END853",4966.98,165.49,473.97,"AGT021","GMM","Individual",2026-10-29,2026-11-21,2026-11-11,5606.44,"Agente21","agente21@seguritas.com.mx",38,"Futura"
"POL0854","END854",3860.53,67.84,173.85,"AGT020","Autos","Individual",2026-10-10,2026-10-28,2026-10-30,4102.22,"Agente20","agente20@seguritas.com.mx",26,"En gestión de cobro"
"POL0855","END855",3017.76,194.45,671.13,"AGT018","Daños","Individual",2026-08-29,2026-09-13,2026-09-10,3883.34,"Agente18","agente18@seguritas.com.mx",-24,"En gestión de cobro"
"POL0856","END856",2744.19,194.89,413.4,"AGT021","GMM","Colectiva",2026-12-28,2027-01-16,2027-01-16,3352.48,"Agente21","agente21@seguritas.com.mx",104,"Futura"
"POL0857","END857",4795.3,298.39,449.08,"AGT003","Daños","Individual",2026-12-30,2027-01-29,2027-01-11,5542.77,"Agente3","agente3@seguritas.com.mx",99,"Futura"
"POL0858","END858",1480.73,133.82,755.25,"AGT019","Daños","Colectiva",2026-10-10,2026-11-08,2026-10-27,2369.8,"Agente19","agente19@seguritas.com.mx",23,"En gestión de cobro"
"POL0859","END859",1300.58,216.7,403.42,"AGT022","GMM","Individual",2026-09-14,2026-10-06,2026-09-27,1920.7,"Agente22","agente22@seguritas.com.mx",-7,"En gestión de cobro"
"POL0860","END860",4556.09,284.64,634.78,"AGT017","Autos","Individual",2026-11-25,2026-12-21,2026-12-20,5475.51,"Agente17","agente17@seguritas.com.mx",77,"Futura"
"POL0861","END861",2697.81,193.71,659.35,"AGT027","GMM","Colectiva",2026-10-24,2026-11-15,2026-11-10,3550.87,"Agente27","agente27@seguritas.com.mx",37,"Futura"
"POL0862","END862",1169.44,222.93,284.85,"AGT015","GMM","Colectiva",2026-12-17,2027-01-07,2027-01-08,1677.22,"Agente15","agente15@seguritas.com.mx",96,"Futura"
"POL0863","END863",3589.77,72.44,186.74,"AGT003","Daños","Individual",2026-08-29,2026-09-13,2026-09-23,3848.95,"Agente3","agente3@seguritas.com.mx",-11,"En gestión de cobro"
"POL0864","END864",2874.48,266.61,365.48,"AGT005","Vida","Colectiva",2026-08-21,2026-09-18,2026-09-10,3506.57,"Agente5","agente5@seguritas.com.mx",-24,"En gestión de cobro"
"POL0865","END865",3471.7,175.28,594.47,"AGT018","Daños","Colectiva",2026-11-07,2026-12-02,2026-11-23,4241.45,"Agente18","agente18@seguritas.com.mx",50,"Futura"
"POL0866","END866",2083.26,105.81,649.05,"AGT024","GMM","Individual",2026-08-23,2026-09-17,2026-09-08,2838.12,"Agente24","agente24@seguritas.com.mx",-26,"En gestión de cobro"
"POL0867","END867",1629.18,153.1,574.48,"AGT030","Daños","Individual",2026-09-24,2026-10-19,2026-10-08,2356.76,"Agente30","agente30@seguritas.com.mx",4,"En gestión de cobro"
"POL0868","END868",1457.02,271.58,756.97,"AGT010","Daños","Individual",2026-08-20,2026-09-08,2026-09-10,2485.57,"Agente10","agente10@seguritas.com.mx",-24,"En gestión de cobro"
"POL0869","END869",3030.73,173.9,152.29,"AGT005","Vida","Colectiva",2026-09-19,2026-10-15,2026-10-11,3356.92,"Agente5","agente5@seguritas.com.mx",7,"En gestión de cobro"
"POL0870","END870",3192.13,218.19,395.95,"AGT003","Vida","Colectiva",2026-12-04,2027-01-02,2026-12-25,3806.27,"Agente3","agente3@seguritas.com.mx",82,"Futura"
"POL0871","END871",1562.58,120.63,568.41,"AGT008","Autos","Colectiva",2026-11-04,2026-12-04,2026-11-23,2251.62,"Agente8","agente8@seguritas.com.mx",50,"Futura"
"POL0872","END872",1679.08,254.26,214.4,"AGT021","Vida","Colectiva",2026-08-07,2026-09-06,2026-08-20,2147.74,"Agente21","agente21@seguritas.com.mx",-45,"Morosa"
"POL0873","END873",4047.94,111.52,159.79,"AGT011","Autos","Individual",2026-12-03,2026-12-19,2026-12-16,4319.25,"Agente11","agente11@seguritas.com.mx",73,"Futura"
"POL0874","END874",3109.58,142.41,246.57,"AGT030","Autos","Individual",2026-11-20,2026-12-06,2026-12-02,3498.56,"Agente30","agente30@seguritas.com.mx",59,"Futura"
"POL0875","END875",4443.96,108.88,634.45,"AGT013","Vida","Colectiva",2026-10-16,2026-11-11,2026-10-27,5187.29,"Agente13","agente13@seguritas.com.mx",23,"En gestión de cobro"
"POL0876","END876",3694.22,283.94,704.29,"AGT019","GMM","Colectiva",2026-08-29,2026-09-27,2026-09-08,4682.45,"Agente19","agente19@seguritas.com.mx",-26,"En gestión de cobro"
"POL0877","END877",1052.16,153.77,361.21,"AGT004","Vida","Individual",2026-10-18,2026-11-13,2026-10-28,1567.14,"Agente4","agente4@seguritas.com.mx",24,"En gestión de cobro"
"POL0878","END878",3772.8,84.36,323.34,"AGT020","Vida","Colectiva",2026-11-30,2026-12-28,2026-12-25,4180.5,"Agente20","agente20@seguritas.com.mx",82,"Futura"
"POL0879","END879",4566.85,278.59,308.31,"AGT027","Daños","Colectiva",2026-10-10,2026-10-31,2026-10-28,5153.75,"Agente27","agente27@seguritas.com.mx",24,"En gestión de cobro"
"POL0880","END880",3527.4,136.91,771.56,"AGT017","GMM","Colectiva",2026-10-02,2026-10-20,2026-10-16,4435.87,"Agente17","agente17@seguritas.com.mx",12,"En gestión de cobro"
"POL0881","END881",1429.18,263.23,473.22,"AGT004","Autos","Colectiva",2026-12-13,2027-01-10,2026-12-25,2165.63,"Agente4","agente4@seguritas.com.mx",82,"Futura"
"POL0882","END882",4684.26,85.66,601.39,"AGT023","Daños","Individual",2026-10-05,2026-11-02,2026-10-25,5371.31,"Agente23","agente23@seguritas.com.mx",21,"En gestión de cobro"
"POL0883","END883",3701.45,139.86,744.84,"AGT016","Vida","Individual",2026-11-09,2026-12-07,2026-11-19,4586.15,"Agente16","agente16@seguritas.com.mx",46,"Futura"
"POL0884","END884",1594.37,111.38,545.8,"AGT009","GMM","Individual",2026-11-28,2026-12-23,2026-12-08,2251.55,"Agente9","agente9@seguritas.com.mx",65,"Futura"
"POL0885","END885",3981.37,61.48,320.7,"AGT014","Vida","Individual",2026-08-24,2026-09-11,2026-09-15,4363.55,"Agente14","agente14@seguritas.com.mx",-19,"En gestión de cobro"
"POL0886","END886",4770.4,246.14,747.3,"AGT011","Daños","Individual",2026-10-25,2026-11-18,2026-11-09,5763.84,"Agente11","agente11@seguritas.com.mx",36,"Futura"
"POL0887","END887",2683.13,99.79,612.55,"AGT022","GMM","Colectiva",2026-08-21,2026-09-20,2026-09-13,3395.47,"Agente22","agente22@seguritas.com.mx",-21,"En gestión de cobro"
"POL0888","END888",2190.89,147.96,178.49,"AGT005","Daños","Individual",2026-11-22,2026-12-18,2026-12-13,2517.34,"Agente5","agente5@seguritas.com.mx",70,"Futura"
"POL0889","END889",2037.71,130.89,561.78,"AGT030","Daños","Individual",2026-12-03,2027-01-02,2026-12-28,2730.38,"Agente30","agente30@seguritas.com.mx",85,"Futura"
"POL0890","END890",1891.53,200.53,704.28,"AGT011","Autos","Colectiva",2026-11-24,2026-12-24,2026-12-11,2796.34,"Agente11","agente11@seguritas.com.mx",68,"Futura"
"POL0891","END891",3262.62,185.32,227.41,"AGT012","GMM","Individual",2026-10-31,2026-11-16,2026-11-11,3675.35,"Agente12","agente12@seguritas.com.mx",38,"Futura"
"POL0892","END892",4026.6,297.71,768.82,"AGT006","Autos","Colectiva",2026-11-25,2026-12-11,2026-12-20,5093.13,"Agente6","agente6@seguritas.com.mx",77,"Futura"
"POL0893","END893",3678.41,113.45,176.55,"AGT003","Daños","Colectiva",2026-12-12,2026-12-30,2026-12-28,3968.41,"Agente3","agente3@seguritas.com.mx",85,"Futura"
"POL0894","END894",3186.09,233.82,260.89,"AGT015","Daños","Individual",2026-12-22,2027-01-17,2027-01-03,3680.8,"Agente15","agente15@seguritas.com.mx",91,"Futura"
"POL0895","END895",4245.85,294.4,165.05,"AGT014","Autos","Individual",2026-12-14,2027-01-01,2026-12-30,4705.3,"Agente14","agente14@seguritas.com.mx",87,"Futura"
"POL0896","END896",4036.67,189.51,403.44,"AGT017","Vida","Colectiva",2026-08-18,2026-09-17,2026-09-05,4629.62,"Agente17","agente17@seguritas.com.mx",-29,"En gestión de cobro"
"POL0897","END897",1080.27,148.18,611.03,"AGT028","GMM","Colectiva",2026-10-18,2026-11-16,2026-11-08,1839.48,"Agente28","agente28@seguritas.com.mx",35,"Futura"
"POL0898","END898",2523.61,256.17,576.24,"AGT007","Vida","Colectiva",2026-08-23,2026-09-21,2026-09-07,3356.02,"Agente7","agente7@seguritas.com.mx",-27,"En gestión de cobro"
"POL0899","END899",1203.52,78.1,465.99,"AGT001","Vida","Individual",2026-12-21,2027-01-19,2027-01-08,1747.61,"Agente1","agente1@seguritas.com.mx",96,"Futura"
"POL0900","END900",4191.61,183.94,202.47,"AGT026","Daños","Colectiva",2026-11-13,2026-12-06,2026-11-29,4578.02,"Agente26","agente26@seguritas.com.mx",56,"Futura"
"POL0901","END901",4694.8,160.96,779.12,"AGT018","Vida","Individual",2026-12-10,2027-01-08,2026-12-25,5634.88,"Agente18","agente18@seguritas.com.mx",82,"Futura"
"POL0902","END902",3170.39,118.49,514.18,"AGT003","Autos","Individual",2026-09-21,2026-10-11,2026-10-13,3803.06,"Agente3","agente3@seguritas.com.mx",9,"En gestión de cobro"
"POL0903","END903",4409.46,89.34,615.99,"AGT009","GMM","Colectiva",2026-11-19,2026-12-12,2026-12-09,5114.79,"Agente9","agente9@seguritas.com.mx",66,"Futura"
"POL0904","END904",3334.25,267.96,334.23,"AGT011","Vida","Colectiva",2026-09-15,2026-09-30,2026-09-28,3936.44,"Agente11","agente11@seguritas.com.mx",-6,"En gestión de cobro"
"POL0905","END905",3673.29,190.51,671.46,"AGT020","GMM","Colectiva",2026-10-13,2026-10-28,2026-11-05,4535.26,"Agente20","agente20@seguritas.com.mx",32,"Futura"
"POL0906","END906",3045.26,187.67,558.99,"AGT017","Autos","Colectiva",2026-10-10,2026-11-01,2026-10-28,3791.92,"Agente17","agente17@seguritas.com.mx",24,"En gestión de cobro"
"POL0907","END907",4051,198.09,740.82,"AGT023","Daños","Colectiva",2026-08-04,2026-08-29,2026-08-24,4989.91,"Agente23","agente23@seguritas.com.mx",-41,"Morosa"
"POL0908","END908",4613.45,231.95,407.48,"AGT027","GMM","Individual",2026-12-16,2027-01-07,2027-01-02,5252.88,"Agente27","agente27@seguritas.com.mx",90,"Futura"
"POL0909","END909",4281.9,209.73,350.38,"AGT015","Autos","Colectiva",2026-10-26,2026-11-19,2026-11-12,4842.01,"Agente15","agente15@seguritas.com.mx",39,"Futura"
"POL0910","END910",1285.73,203.61,625.6,"AGT004","Vida","Colectiva",2026-08-14,2026-09-03,2026-09-06,2114.94,"Agente4","agente4@seguritas.com.mx",-28,"En gestión de cobro"
"POL0911","END911",1015.59,63.1,601.76,"AGT018","Autos","Individual",2026-09-22,2026-10-08,2026-10-09,1680.45,"Agente18","agente18@seguritas.com.mx",5,"En gestión de cobro"
"POL0912","END912",1208.79,191.29,432.95,"AGT026","Daños","Colectiva",2026-08-12,2026-08-31,2026-08-22,1833.03,"Agente26","agente26@seguritas.com.mx",-43,"Morosa"
"POL0913","END913",4466.24,196.84,674.89,"AGT003","Daños","Individual",2026-10-26,2026-11-10,2026-11-16,5337.97,"Agente3","agente3@seguritas.com.mx",43,"Futura"
"POL0914","END914",3304.98,207.14,348.65,"AGT020","Autos","Colectiva",2026-11-27,2026-12-14,2026-12-18,3860.77,"Agente20","agente20@seguritas.com.mx",75,"Futura"
"POL0915","END915",2255.37,205.47,744.46,"AGT004","Daños","Colectiva",2026-09-22,2026-10-14,2026-10-15,3205.3,"Agente4","agente4@seguritas.com.mx",11,"En gestión de cobro"
"POL0916","END916",4837.86,70.57,559.39,"AGT011","Vida","Colectiva",2026-09-24,2026-10-20,2026-10-19,5467.82,"Agente11","agente11@seguritas.com.mx",15,"En gestión de cobro"
"POL0917","END917",3364.78,69.41,655.16,"AGT025","Daños","Colectiva",2026-10-04,2026-10-31,2026-10-24,4089.35,"Agente25","agente25@seguritas.com.mx",20,"En gestión de cobro"
"POL0918","END918",3125.64,221.77,616.14,"AGT012","Daños","Colectiva",2026-09-05,2026-10-01,2026-09-26,3963.55,"Agente12","agente12@seguritas.com.mx",-8,"En gestión de cobro"
"POL0919","END919",2535.75,257.58,581.06,"AGT013","Autos","Colectiva",2026-09-13,2026-09-28,2026-10-06,3374.39,"Agente13","agente13@seguritas.com.mx",2,"En gestión de cobro"
"POL0920","END920",2278.21,86.48,607.01,"AGT018","GMM","Individual",2026-12-23,2027-01-18,2027-01-13,2971.7,"Agente18","agente18@seguritas.com.mx",101,"Futura"
"POL0921","END921",4233.55,245.88,275.21,"AGT011","GMM","Individual",2026-12-05,2027-01-04,2026-12-24,4754.64,"Agente11","agente11@seguritas.com.mx",81,"Futura"
"POL0922","END922",1167.68,171.61,538.75,"AGT008","Vida","Individual",2026-08-21,2026-09-13,2026-09-14,1878.04,"Agente8","agente8@seguritas.com.mx",-20,"En gestión de cobro"
"POL0923","END923",2454.97,297.32,648.66,"AGT019","GMM","Colectiva",2026-09-12,2026-10-04,2026-09-26,3400.95,"Agente19","agente19@seguritas.com.mx",-8,"En gestión de cobro"
"POL0924","END924",4426.39,174.78,303.64,"AGT026","Daños","Individual",2026-10-20,2026-11-07,2026-11-11,4904.81,"Agente26","agente26@seguritas.com.mx",38,"Futura"
"POL0925","END925",3791.79,190.57,599.51,"AGT016","Daños","Individual",2026-10-22,2026-11-09,2026-11-01,4581.87,"Agente16","agente16@seguritas.com.mx",28,"En gestión de cobro"
"POL0926","END926",3737.95,144.56,209.96,"AGT015","Vida","Individual",2026-12-22,2027-01-10,2027-01-11,4092.47,"Agente15","agente15@seguritas.com.mx",99,"Futura"
"POL0927","END927",2392.06,179.66,629.08,"AGT021","Daños","Individual",2026-09-08,2026-09-24,2026-09-29,3200.8,"Agente21","agente21@seguritas.com.mx",-5,"En gestión de cobro"
"POL0928","END928",3218.73,68.57,764.04,"AGT018","Autos","Individual",2026-09-19,2026-10-05,2026-09-30,4051.34,"Agente18","agente18@seguritas.com.mx",-4,"En gestión de cobro"
"POL0929","END929",1548.97,184.62,581.66,"AGT020","GMM","Colectiva",2026-10-12,2026-11-11,2026-10-31,2315.25,"Agente20","agente20@seguritas.com.mx",27,"En gestión de cobro"
"POL0930","END930",4139.73,290.27,583.82,"AGT026","Daños","Individual",2026-12-26,2027-01-21,2027-01-10,5013.82,"Agente26","agente26@seguritas.com.mx",98,"Futura"
"POL0931","END931",4547.45,181.95,423.01,"AGT005","Autos","Individual",2026-09-03,2026-09-29,2026-09-23,5152.41,"Agente5","agente5@seguritas.com.mx",-11,"En gestión de cobro"
"POL0932","END932",1816.38,159.29,239.68,"AGT007","Vida","Individual",2026-12-01,2026-12-29,2026-12-12,2215.35,"Agente7","agente7@seguritas.com.mx",69,"Futura"
"POL0933","END933",4082.49,58.07,455.09,"AGT029","GMM","Colectiva",2026-10-08,2026-10-29,2026-11-02,4595.65,"Agente29","agente29@seguritas.com.mx",29,"En gestión de cobro"
"POL0934","END934",3385.45,59.43,210.94,"AGT018","Daños","Colectiva",2026-08-19,2026-09-17,2026-08-29,3655.82,"Agente18","agente18@seguritas.com.mx",-36,"Morosa"
"POL0935","END935",4830.68,61.84,640.15,"AGT018","Daños","Individual",2026-08-14,2026-09-12,2026-08-31,5532.67,"Agente18","agente18@seguritas.com.mx",-34,"Morosa"
"POL0936","END936",1634.75,90.24,388.11,"AGT010","Vida","Colectiva",2026-10-26,2026-11-10,2026-11-14,2113.1,"Agente10","agente10@seguritas.com.mx",41,"Futura"
"POL0937","END937",3103.9,167.27,519.29,"AGT005","Autos","Colectiva",2026-10-26,2026-11-20,2026-11-15,3790.46,"Agente5","agente5@seguritas.com.mx",42,"Futura"
"POL0938","END938",4492.61,251.48,398.96,"AGT016","Vida","Individual",2026-12-01,2026-12-18,2026-12-16,5143.05,"Agente16","agente16@seguritas.com.mx",73,"Futura"
"POL0939","END939",4478.82,120.15,282.11,"AGT011","GMM","Colectiva",2026-09-22,2026-10-14,2026-10-07,4881.08,"Agente11","agente11@seguritas.com.mx",3,"En gestión de cobro"
"POL0940","END940",1094.75,238.7,497.92,"AGT009","Daños","Colectiva",2026-10-10,2026-10-26,2026-11-01,1831.37,"Agente9","agente9@seguritas.com.mx",28,"En gestión de cobro"
"POL0941","END941",4903.56,180.46,400.8,"AGT029","GMM","Colectiva",2026-09-08,2026-10-03,2026-09-28,5484.82,"Agente29","agente29@seguritas.com.mx",-6,"En gestión de cobro"
"POL0942","END942",2960.9,122.24,710.49,"AGT009","Autos","Individual",2026-08-23,2026-09-18,2026-09-08,3793.63,"Agente9","agente9@seguritas.com.mx",-26,"En gestión de cobro"
"POL0943","END943",2556.68,54.34,210.82,"AGT001","Vida","Colectiva",2026-09-23,2026-10-10,2026-10-05,2821.84,"Agente1","agente1@seguritas.com.mx",1,"En gestión de cobro"
"POL0944","END944",2670.22,217.09,191.24,"AGT025","Daños","Individual",2026-11-04,2026-11-23,2026-11-29,3078.55,"Agente25","agente25@seguritas.com.mx",56,"Futura"
"POL0945","END945",1371.7,66.74,258.4,"AGT018","Daños","Colectiva",2026-12-10,2027-01-09,2027-01-01,1696.84,"Agente18","agente18@seguritas.com.mx",89,"Futura"
"POL0946","END946",1647.24,259.1,758.18,"AGT027","Vida","Colectiva",2026-09-24,2026-10-09,2026-10-08,2664.52,"Agente27","agente27@seguritas.com.mx",4,"En gestión de cobro"
"POL0947","END947",2621.67,83.84,437.63,"AGT029","Autos","Individual",2026-09-22,2026-10-10,2026-10-06,3143.14,"Agente29","agente29@seguritas.com.mx",2,"En gestión de cobro"
"POL0948","END948",2367.26,213.97,588.36,"AGT028","Daños","Colectiva",2026-10-05,2026-10-29,2026-10-27,3169.59,"Agente28","agente28@seguritas.com.mx",23,"En gestión de cobro"
"POL0949","END949",2661.03,259.49,173.45,"AGT006","GMM","Colectiva",2026-10-28,2026-11-17,2026-11-17,3093.97,"Agente6","agente6@seguritas.com.mx",44,"Futura"
"POL0950","END950",2216.21,114.41,454.47,"AGT002","Autos","Colectiva",2026-08-30,2026-09-27,2026-09-16,2785.09,"Agente2","agente2@seguritas.com.mx",-18,"En gestión de cobro"
"POL0951","END951",3241.12,84,179.67,"AGT028","GMM","Colectiva",2026-09-29,2026-10-17,2026-10-13,3504.79,"Agente28","agente28@seguritas.com.mx",9,"En gestión de cobro"
"POL0952","END952",1623.5,240.87,553.02,"AGT013","Daños","Colectiva",2026-11-03,2026-11-22,2026-11-17,2417.39,"Agente13","agente13@seguritas.com.mx",44,"Futura"
"POL0953","END953",4826.32,103,712.18,"AGT025","GMM","Colectiva",2026-09-21,2026-10-17,2026-10-02,5641.5,"Agente25","agente25@seguritas.com.mx",-2,"En gestión de cobro"
"POL0954","END954",1175.87,116.99,277.31,"AGT011","Daños","Individual",2026-11-02,2026-12-01,2026-11-24,1570.17,"Agente11","agente11@seguritas.com.mx",51,"Futura"
"POL0955","END955",2488.63,182.96,333.36,"AGT005","Vida","Individual",2026-12-24,2027-01-09,2027-01-04,3004.95,"Agente5","agente5@seguritas.com.mx",92,"Futura"
"POL0956","END956",4850.46,168.53,712.37,"AGT025","Vida","Individual",2026-09-18,2026-10-07,2026-10-12,5731.36,"Agente25","agente25@seguritas.com.mx",8,"En gestión de cobro"
"POL0957","END957",3581.71,143.36,170.82,"AGT024","Autos","Individual",2026-12-15,2027-01-03,2026-12-30,3895.89,"Agente24","agente24@seguritas.com.mx",87,"Futura"
"POL0958","END958",1245.05,243.84,658.53,"AGT020","Autos","Individual",2026-10-10,2026-10-25,2026-10-26,2147.42,"Agente20","agente20@seguritas.com.mx",22,"En gestión de cobro"
"POL0959","END959",2639.78,189.55,445.8,"AGT003","GMM","Colectiva",2026-12-29,2027-01-23,2027-01-18,3275.13,"Agente3","agente3@seguritas.com.mx",106,"Futura"
"POL0960","END960",2703.62,88.81,202.08,"AGT005","Daños","Individual",2026-12-23,2027-01-13,2027-01-10,2994.51,"Agente5","agente5@seguritas.com.mx",98,"Futura"
"POL0961","END961",3032.63,297.35,739.39,"AGT029","Daños","Colectiva",2026-08-12,2026-09-11,2026-08-30,4069.37,"Agente29","agente29@seguritas.com.mx",-35,"Morosa"
"POL0962","END962",2798.4,111.11,272.85,"AGT008","Autos","Colectiva",2026-09-24,2026-10-20,2026-10-04,3182.36,"Agente8","agente8@seguritas.com.mx",0,"En gestión de cobro"
"POL0963","END963",3493.05,82.59,634.96,"AGT003","Vida","Individual",2026-09-24,2026-10-17,2026-10-18,4210.6,"Agente3","agente3@seguritas.com.mx",14,"En gestión de cobro"
"POL0964","END964",1559.91,103.17,430.52,"AGT014","Vida","Colectiva",2026-09-26,2026-10-16,2026-10-09,2093.6,"Agente14","agente14@seguritas.com.mx",5,"En gestión de cobro"
"POL0965","END965",4631.79,145,585.85,"AGT030","Autos","Colectiva",2026-09-06,2026-09-27,2026-09-22,5362.64,"Agente30","agente30@seguritas.com.mx",-12,"En gestión de cobro"
"POL0966","END966",3277.77,139.91,271.84,"AGT014","Daños","Colectiva",2026-08-21,2026-09-13,2026-09-07,3689.52,"Agente14","agente14@seguritas.com.mx",-27,"En gestión de cobro"
"POL0967","END967",3193.12,125.67,723.13,"AGT015","Daños","Colectiva",2026-11-21,2026-12-09,2026-12-14,4041.92,"Agente15","agente15@seguritas.com.mx",71,"Futura"
"POL0968","END968",1467.31,61.1,181.76,"AGT015","Vida","Colectiva",2026-09-19,2026-10-15,2026-10-09,1710.17,"Agente15","agente15@seguritas.com.mx",5,"En gestión de cobro"
"POL0969","END969",4048.11,283.7,293.13,"AGT017","Daños","Colectiva",2026-09-29,2026-10-25,2026-10-17,4624.94,"Agente17","agente17@seguritas.com.mx",13,"En gestión de cobro"
"POL0970","END970",2913.48,192.18,320.17,"AGT003","Autos","Individual",2026-08-24,2026-09-11,2026-09-04,3425.83,"Agente3","agente3@seguritas.com.mx",-30,"Morosa"
"POL0971","END971",4127.88,105.2,648.69,"AGT018","Daños","Colectiva",2026-08-04,2026-08-25,2026-08-18,4881.77,"Agente18","agente18@seguritas.com.mx",-47,"Morosa"
"POL0972","END972",1184.11,269.49,400.88,"AGT027","Autos","Individual",2026-09-11,2026-09-30,2026-09-29,1854.48,"Agente27","agente27@seguritas.com.mx",-5,"En gestión de cobro"
"POL0973","END973",4279.38,166.82,331.07,"AGT005","Vida","Colectiva",2026-11-28,2026-12-23,2026-12-18,4777.27,"Agente5","agente5@seguritas.com.mx",75,"Futura"
"POL0974","END974",2077.63,185.59,200.45,"AGT013","GMM","Colectiva",2026-12-18,2027-01-17,2026-12-31,2463.67,"Agente13","agente13@seguritas.com.mx",88,"Futura"
"POL0975","END975",2131.4,246.1,475.2,"AGT002","GMM","Colectiva",2026-09-09,2026-10-03,2026-09-30,2852.7,"Agente2","agente2@seguritas.com.mx",-4,"En gestión de cobro"
"POL0976","END976",3572.89,211.97,443.44,"AGT014","GMM","Colectiva",2026-09-27,2026-10-17,2026-10-08,4228.3,"Agente14","agente14@seguritas.com.mx",4,"En gestión de cobro"
"POL0977","END977",4792.48,86.22,791.29,"AGT018","GMM","Colectiva",2026-12-03,2026-12-24,2026-12-18,5669.99,"Agente18","agente18@seguritas.com.mx",75,"Futura"
"POL0978","END978",1027.99,130.41,242.39,"AGT026","Autos","Individual",2026-10-25,2026-11-21,2026-11-18,1400.79,"Agente26","agente26@seguritas.com.mx",45,"Futura"
"POL0979","END979",2406.47,287.76,691.99,"AGT006","Autos","Individual",2026-08-21,2026-09-06,2026-09-09,3386.22,"Agente6","agente6@seguritas.com.mx",-25,"En gestión de cobro"
"POL0980","END980",2676.18,97.05,169.19,"AGT006","GMM","Colectiva",2026-09-21,2026-10-18,2026-10-16,2942.42,"Agente6","agente6@seguritas.com.mx",12,"En gestión de cobro"
"POL0981","END981",2831.51,237.6,656.19,"AGT016","GMM","Colectiva",2026-10-15,2026-10-31,2026-11-06,3725.3,"Agente16","agente16@seguritas.com.mx",33,"Futura"
"POL0982","END982",3846.77,164.79,298.64,"AGT001","GMM","Individual",2026-08-23,2026-09-15,2026-09-03,4310.2,"Agente1","agente1@seguritas.com.mx",-31,"Morosa"
"POL0983","END983",4679.39,85.34,237.01,"AGT003","GMM","Individual",2026-12-21,2027-01-18,2027-01-05,5001.74,"Agente3","agente3@seguritas.com.mx",93,"Futura"
"POL0984","END984",3508.44,101.3,273.9,"AGT029","GMM","Individual",2026-08-31,2026-09-29,2026-09-22,3883.64,"Agente29","agente29@seguritas.com.mx",-12,"En gestión de cobro"
"POL0985","END985",4608.73,218.82,290.31,"AGT023","Daños","Colectiva",2026-12-23,2027-01-19,2027-01-06,5117.86,"Agente23","agente23@seguritas.com.mx",94,"Futura"
"POL0986","END986",4029.32,84.51,757.21,"AGT023","GMM","Colectiva",2026-08-30,2026-09-17,2026-09-20,4871.04,"Agente23","agente23@seguritas.com.mx",-14,"En gestión de cobro"
"POL0987","END987",1551.43,153.89,792.73,"AGT019","Daños","Individual",2026-10-12,2026-11-05,2026-11-06,2498.05,"Agente19","agente19@seguritas.com.mx",33,"Futura"
"POL0988","END988",1613.02,162.81,351.52,"AGT026","Vida","Colectiva",2026-10-19,2026-11-16,2026-10-31,2127.35,"Agente26","agente26@seguritas.com.mx",27,"En gestión de cobro"
"POL0989","END989",1765.25,205.74,239.14,"AGT012","Daños","Individual",2026-10-30,2026-11-14,2026-11-12,2210.13,"Agente12","agente12@seguritas.com.mx",39,"Futura"
"POL0990","END990",2732.74,112.79,579.64,"AGT018","GMM","Individual",2026-10-31,2026-11-16,2026-11-13,3425.17,"Agente18","agente18@seguritas.com.mx",40,"Futura"
"POL0991","END991",1348.88,166.04,530.19,"AGT004","Daños","Colectiva",2026-10-29,2026-11-26,2026-11-16,2045.11,"Agente4","agente4@seguritas.com.mx",43,"Futura"
"POL0992","END992",1895.12,91.38,373.64,"AGT021","Vida","Individual",2026-12-06,2026-12-29,2026-12-29,2360.14,"Agente21","agente21@seguritas.com.mx",86,"Futura"
"POL0993","END993",3288.59,264.45,679.07,"AGT014","Autos","Individual",2026-11-29,2026-12-24,2026-12-17,4232.11,"Agente14","agente14@seguritas.com.mx",74,"Futura"
"POL0994","END994",2600.68,89.14,334.07,"AGT017","Autos","Colectiva",2026-12-02,2026-12-19,2026-12-13,3023.89,"Agente17","agente17@seguritas.com.mx",70,"Futura"
"POL0995","END995",3261.86,72.08,699.8,"AGT011","Vida","Individual",2026-10-13,2026-11-09,2026-10-26,4033.74,"Agente11","agente11@seguritas.com.mx",22,"En gestión de cobro"
"POL0996","END996",4318.5,273.35,239.06,"AGT029","Vida","Colectiva",2026-11-26,2026-12-21,2026-12-21,4830.91,"Agente29","agente29@seguritas.com.mx",78,"Futura"
"POL0997","END997",3568.46,125.16,710.27,"AGT014","Autos","Individual",2026-09-27,2026-10-26,2026-10-07,4403.89,"Agente14","agente14@seguritas.com.mx",3,"En gestión de cobro"
"POL0998","END998",2566,238.02,193.63,"AGT008","Vida","Colectiva",2026-09-08,2026-10-06,2026-09-22,2997.65,"Agente8","agente8@seguritas.com.mx",-12,"En gestión de cobro"
"POL0999","END999",3838.32,150.4,432.89,"AGT010","Autos","Individual",2026-09-13,2026-10-11,2026-09-27,4421.61,"Agente10","agente10@seguritas.com.mx",-7,"En gestión de cobro"
"POL1000","END1000",1435.3,162.14,592.09,"AGT014","Autos","Individual",2026-12-25,2027-01-24,2027-01-18,2189.53,"Agente14","agente14@seguritas.com.mx",106,"Futura"
